"","WTI","Brent","Gasoline_NYH","Gasoline_US_Gulf","NYHNo2HeatingOil","LA_Diesel","USGulf_Kerosine","Propane","HenryHubNG"
"1",-15.9420289855072,-18.0261823830944,-10.5693239001438,-10.5868001078512,-22.4235850712819,-17.8891021697165,-21.4254603896964,0.745345065458097,-44.2233955895253
"2",0.246305418719217,-4.79417587350246,1.15799474309594,1.67789171291095,2.51811866301596,7.89884113186305,-2.50909219935263,-9.0618233920623,3.31522073169006
"3",-0.737100737100749,-1.52259602687679,0.328407520119002,-2.69830873033511,3.31908195917474,-21.8407946568376,-2.38762489911301,-5.00104205746614,16.0342650075179
"4",3.96039603960396,3.97474447956939,0.163800200423837,4.8383080915286,-3.49685978377466,1.56253179030808,2.56894861153109,0,3.18933637759538
"5",-5.61904761904761,-4.13926329923822,-10.3362150018681,-9.922663389656,-5.29804257278465,-11.4880275998422,-2.38324753680981,-0.858374369139144,-2.72744179196593
"6",1.86680121089808,3.875619592612,20.5936463759361,13.1280660186644,3.68365773564902,9.92549580953413,4.00053346136992,2.27282510775561,2.72744179196593
"7",-2.62506191183755,-5.2016058714458,1.90203246790299,-3.69519952656306,-6.53827592628517,6.84677992774608,-2.34456185746808,4.93250665625015,18.753960814172
"8",7.47711088504577,10.4470241839844,-9.89399478549035,-8.35951092779041,11.1327235313512,-4.05156688937214,3.76051471783153,6.47056194753316,9.56480747222212
"9",-0.141978230004725,-2.7426808020139,-10.2697398238343,-2.88828741487861,-1.56661167443995,15.8298704550105,0.700528258840859,-2.79560772665901,8.4192091220348
"10",-7.73653946680607,-17.8531280620174,-11.1225635110225,-1.99209774945544,-7.27951574366901,0.80972102326193,3.16858190741408,-0.304414238122813,-9.65109003808437
"11",-2.49291784702548,-1.71705331370167,-2.88085766317748,-6.44043919709828,-2.27047936937571,-11.0751364292703,-4.17971286784615,-7.27018317767322,-8.26157655165917
"12",-10.2847181871005,-14.1720240886988,-6.02332579082369,-4.61113519594057,-10.0962869408425,-19.8670694795484,-13.237062638856,-6.4319965787559,6.48375194953079
"13",2.0077720207254,2.48187921440436,4.12653552014258,2.66091087279645,0,22.5338941877645,-4.02421162784335,-2.12022076506028,4.81493438975826
"14",-1.2063492063492,-0.578454252152978,2.31345754016569,5.7401515822427,-2.10042727705321,5.95920972022456,5.8633439249857,2.81708769666962,-7.08260525686123
"15",-2.24935732647815,1.72542023091592,-0.625653761430526,1.02775827582402,-8.87281156086843,-26.3191052443485,-8.30845351140212,-10.6132418436408,-3.73875320716203
"16",-5.98290598290598,-16.971426465851,-9.19684891424216,-12.6254399371124,-1.55847310166983,1.0695289116748,-4.29901849313683,-7.20311282088828,12.9356021214042
"17",-0.209790209790217,6.45913069065402,-10.3832631479773,-13.6518946713853,-11.060987154397,1.68780377873517,-3.68462733859663,2.05346024417077,-25.6107726853186
"18",21.8209179834462,19.8633343314307,18.1895208460914,23.3039179068434,20.9951504536624,7.93556585224979,18.5899378141839,6.5867424987625,32.1273016887816
"19",-10.5620753551575,-20.3620884825346,-7.52567373575952,-13.8231385609767,-9.1851963101368,8.87281156086844,-6.45385211375712,1.97245053477786,-10.4360015324243
"20",-21.4779005524862,-19.1362301446104,-36.1613225579315,-34.10051076412,-20.1233441678465,-26.8989939439628,-29.0861725369161,-20.7639364778244,-20.4567165741274
"21",6.77220756376431,6.16331947713196,9.14021634071195,8.78943792545078,0.617285910708102,-2.50013022054173,3.1350529884076,-1.45281005629099,17.9249357756984
"22",5.51894563426689,7.31587551863898,6.13330880168081,5.96723314863983,1.22325684356345,2.00507970455612,1.53142349730426,11.0712024415832,-6.35134057223257
"23",-3.9032006245121,-6.93708718694527,-4.93568969700924,-6.61658607969466,-1.84054275427154,-0.747201483870095,-3.08666479805274,-1.31870042819538,-11.5735952034659
"24",35.3371242891958,35.0417219905835,45.7650861278735,49.3742422512542,31.3657558855042,56.6733255704287,31.4742092310745,13.2424585649332,21.4517496594443
"25",12.1848739495798,9.09428308753922,-0.756147270057647,4.09015142213029,2.89875368732524,-23.9229689065834,1.36365749495454,13.4015771418202,10.7832704803215
"26",-9.84483681112894,-10.9082394425552,-11.4467853837258,-13.8998874806656,-13.888320769647,6.11544231533304,-11.9760158175874,-3.44861760711693,1.76216013498196
"27",14.7181008902077,14.0203996460306,12.391079463754,16.5365750647398,18.8196521236975,12.7155175485247,22.6699562173429,17.6456437341557,2.15991118034617
"28",6.15623383341957,16.2784068181589,14.9844968116046,12.0670230897714,7.26125329637092,15.8406005397397,6.85871096635714,13.7201121513485,8.59424298007246
"29",7.94346978557505,5.40935762454377,5.66188939995079,1.95764816250979,11.3884395240726,-14.3590919612256,11.4410351177744,4.75684169191095,10.771069300278
"30",10.7900677200903,8.62995487474482,4.63114868050267,6.71602832524122,7.36118173432462,2.18190473946397,5.58437362160929,8.43591261234386,-20.6556527639412
"31",-11.2061939690302,-8.48774105603804,-9.80877563287466,-9.33483592098229,-8.05804866593394,6.94723728147674,-6.94493882718716,-3.89510865844435,17.7983155195356
"32",14.1349242771914,17.7097132657148,10.8254873684191,8.11901547300134,11.232918497392,1.33335308694652,14.1844346816501,-3.32572217564825,-21.772348384487
"33",3.57860876558103,-1.07720969819111,-5.80088263412384,-4.53557017207972,8.67509264086549,9.47079515416188,6.61160280763189,10.1003210288871,3.54019270509158
"34",7.33695652173911,8.27235505086077,11.9652989452445,14.4273489156425,16.1085237495926,1.79109265665302,6.72296117845973,30.2850293924952,15.6632070678644
"35",10.5605786618445,6.88451500892386,24.4649756535173,22.2589381169797,0,11.1848300136569,4.69927730009843,-11.4361476516802,-1.49815536156169
"36",-12.1360811252862,-19.0420448533945,-14.1465520299943,-13.638627164522,-4.36206224758903,-10.5948578009381,-4.05118689169012,-10.2751905770816,8.32306541497237
"37",-4.28145941921072,-0.795482528450197,-8.43411484337508,-4.54919244675634,-6.1739893181936,-4.20482362434995,-6.26453960562078,-7.05686901641623,7.03807967617996
"38",12.9132633216647,21.985947611302,24.5817868353082,24.8354970660706,0.135409634772923,-2.48459985865307,3.38098464163206,20.0084013133795,38.0340902934486
"39",11.7464691698243,6.33992083996098,-1.78858003070751,-1.46293100159592,11.6127779842442,17.601238760069,10.4695400901016,0.876429799358826,-3.60399364831967
"40",-15.2281134401973,-22.1719613094021,-9.10728853288096,-22.1828626732901,-6.46991766122519,-4.64195585550956,-7.32792046676367,-5.00999220514954,-15.0716217378624
"41",20.3272727272727,32.6826771770508,11.0000895214328,17.9909539398272,23.3882595968775,32.934349356046,21.0695257787642,17.7723847545325,23.8491828261009
"42",-6.70897552130554,-21.0538044835028,-10.4203777530003,-9.31171964693148,-5.75773873609659,-11.1740122621865,-1.79046383854809,-4.39631234211162,6.89928714869514
"43",5.92808551992225,5.90918005042398,8.84554205618634,6.64192815189359,1.49735417901624,6.45385211375712,1.16218952059857,-3.92849206720038,-15.4477530622781
"44",2.78287461773699,7.59778173120658,-8.38418022283507,-10.3233254641652,10.7587333819934,-0.836824967051658,6.60473612571946,3.4457879923688,36.7372667445623
"45",-20.4998512347516,-36.5098181763744,-12.8775336098871,-3.17486983145803,-11.933333111923,-18.4003642976939,-25.2579450587493,37.2675285285174,50.7333002339774
"46",7.11077844311379,16.3470646533413,4.85408186999941,5.88773657028328,-17.0575559494659,-12.3481056771021,9.41587691992829,-35.0345808887085,-58.6451678530495
"47",-4.43745632424878,-5.52797734226887,-5.90672316869816,-23.1695833129527,-6.9903203821097,1.1363758650315,-10.6897794976713,-8.38617680867336,-10.4788923758869
"48",-3.58318098720293,-6.82550106821265,5.65703514883942,24.6188840432094,2.42926925690445,-1.13637586503151,-7.45025272979211,-0.688470877749714,1.88684843043827
"49",8.001516875237,14.6584131645042,21.5111379616945,30.7273081928951,-0.668898815079665,3.37110573423117,8.3436856031687,-7.90357306769885,-12.3171358404073
"50",-0.31601123595506,4.80723833068643,-17.9502952149578,-30.2488383805614,4.2056131988088,1.09891215755952,0.506971935025058,-7.56908201710792,-23.7516968848118
"51",-7.11518140190208,-8.55159187667043,-22.1938005658861,-28.5298281096505,-8.59589299533516,-3.90021578032692,-8.57479529428579,-29.0373864117492,-24.8255152472323
"52",1.2514220705347,-7.36091678067161,5.42257375581561,8.66144728367711,-3.71471281919464,-15.3204158223227,0.27510333718898,12.4052648669979,12.879510820557
"53",-0.187265917602997,9.58700379882121,11.5720361382813,16.9626073780191,10.4923739062108,27.6024987909568,8.67824130504499,-2.89875368732523,-43.14803472494
"54",-12.0450281425891,-20.3286052828135,-16.0950536032391,-24.6761802662418,-14.3504191432771,-28.2669530628237,-20.0111098357453,-2.23057575142982,-17.7681177237452
"55",-9.55631399317407,-10.8056826400307,-21.5708572826692,-20.1369751764649,-9.68241846355401,-6.89928714869516,-9.0093043527038,-4.87901641694321,53.3890896696987
"56",-8.20754716981131,-3.68394446646373,-5.32445145188124,-5.94234204708008,-12.2167633974207,-25.9511195485084,-12.9211731480006,-27.7210772584486,-51.7361594745776
"57",2.5693730729702,2.24728558520586,4.58095360312942,11.3693050404858,3.15132657060768,15.8901282585856,2.45991590133678,11.7783035656384,27.115277050057
"58",-1.25250501002004,-1.45759998634631,-0.937213982886321,-4.66067571884886,-5.24464753725425,-7.03478852444111,0.559181326577793,-10.7420248620837,-5.12932943875506
"59",10.5022831050228,8.34655068353606,6.9118412884392,10.4978763410396,8.82926071456782,11.9664503756089,6.9983706346315,14.0807264653574,8.8107267510267
"60",4.23502479969478,6.27116758866168,0,-1.92436983926271,2.35651552506675,-6.14527792136637,3.08621113826581,3.39015516756812,13.7845970802315
"61",-7.13762811127379,-12.2473410428871,-8.93201452549941,-6.41931576390598,-8.66144728367711,0,-9.55996572994711,-9.7455336150713,-14.7324714756858
"62",5.597162002365,5.93670236628451,7.45249863382471,4.06009756222397,6.89928714869514,2.09066848193136,8.54177511543518,-1.32102317368065,1.57483569681393
"63",0.858529301978361,3.68187296028261,6.17398931819359,-1.20081496283966,-0.743497848751809,5.37041789718612,1.1628037995119,2.62482260749364,-5.78939784189026
"64",7.21687638786084,4.75572525290481,-1.54046691949865,1.59790350578892,11.1461271132208,18.449783621655,11.3277073735677,15.78448103674,3.25761704346127
"65",5.59199171556783,5.47163116120741,3.0575630202793,7.74990831652981,5.58224082972064,-5.58804583944566,6.3731744167631,6.21850902735299,27.0711968233319
"66",-11.147433801896,-13.2011225603812,0,-4.88512907319986,-6.11771734348664,-7.7650934230066,-11.4006881331641,0.414938354681162,7.07842570323696
"67",16.1518422032006,15.7143200763712,20.6826172955705,25.2157101289396,14.4071674659955,12.4790772813788,17.2134711486962,10.9698917256425,9.11792901384072
"68",7.36943287407881,4.70178996382074,11.6345784478027,12.8210658818643,9.40583540618808,8.56137527229917,6.60305815230858,29.5075821476719,19.5308752320766
"69",9.69859743360191,7.41532220462611,5.69259367960096,7.20311282088829,24.4214357716312,12.9677823308533,16.278513474359,56.591006520681,66.1282855257897
"70",-15.2883569096844,-19.2371892647456,-10.7338755669932,-12.638654222446,-42.9462949842789,-20.9720530982069,-35.9912240388524,-90.0726215333043,-76.9035716554343
"71",-16.2170841361593,-17.2741919937141,-22.2044045980793,-20.6039835877209,2.48151691197238,-16.9076330043934,-11.0996775972025,0,4.67921615067591
"72",13.3001149865849,11.8912341253535,8.8041066457646,7.89032244612073,-8.43411484337508,3.23652845020317,4.80997947944114,7.79615414697119,13.1863335523826
"73",1.99594046008118,8.29902607395262,3.58284152551398,4.49923907939816,4.050194330933,7.36529095747654,6.28969811776131,-4.19386892203303,-12.0499576873511
"74",1.35986733001658,-0.69492982932058,7.48012130826983,4.53302474993041,1.2722817927968,11.7125357237413,2.81348480715186,-4.57222493380952,-13.7034967155705
"75",3.92670157068065,5.75844814362072,11.2765463664404,4.98718300401732,2.74331417801567,-1.0582109330537,3.10391149678989,6.41729572512118,4.84815698142599
"76",-8.09193954659949,-7.83708560514744,-13.0947782747594,-16.7938996967114,-4.27200636770622,-12.4454174473406,-5.27098164195283,-4.10505398303575,-4.20229897748479
"77",0.171291538197993,-0.750405522382922,-4.81596290535315,1.14432272223427,2.28436329194668,5.84962066816086,2.54466656611644,2.07358984791783,-15.7733628841208
"78",7.18760303330037,4.55775084963192,5.54791523202286,15.0545773255717,7.11670479684788,4.67617659080393,6.86715347232611,18.4448247554492,16.9899036795397
"79",1.99938480467547,-2.57410167594921,4.75296068362452,4.24241772952732,5.37115392462523,5.43343509633295,5.04492937747824,6.32098695233038,0.692044284457376
"80",8.80579010856455,10.9281028993663,9.43005886029725,11.3736553460009,2.73701295597032,19.5851409026202,5.00625908584795,27.0440266017275,-9.58275549991027
"81",-0.914634146341464,-1.99301399793104,1.36801039040802,6.2857312590621,-7.54668309216265,-0.396040121609679,-4.89936436695744,-45.7903222311648,6.60790795983281
"82",4.36363636363637,8.71404075829624,11.5364654792102,7.05582253155888,6.50283227777031,20.3912189386322,8.98563291218609,8.87281156086844,3.14711287122209
"83",-7.46867167919799,-10.7765808459076,-19.1366025001876,-11.2290671908357,0.499252160312098,9.94855512148055,4.81788740932646,0.296296513065705,-6.73331200685871
"84",18.4182015167931,22.1818170073141,10.5092383198786,8.19369038832479,14.1838426942002,1.12995552539332,13.6115069927894,18.2074978072449,0
"85",-3.40805123513267,-4.11033619678979,-9.5310179804325,-11.9609520182418,-2.89366967400401,-5.38591696727293,-1.90639839042312,-6.36346962537271,-17.9340928655817
"86",17.357328913095,18.2321556793955,17.0451981238571,19.3833347054453,21.4565943326169,20.6403423451714,22.1300850399127,9.39952552230158,23.2622295268753
"87",4.47941888619854,0.834033191621895,-0.673907454984552,-3.36938457864728,3.73414289389043,-0.645163528148872,-4.87901641694322,7.93063306152246,1.09461608974971
"88",-5.05986867516417,-8.51255091203302,-5.95920972022455,-4.29660358834434,-4.52693983910949,-7.38590611381243,-7.30251350148898,-4.1743229039576,5.44764033210768
"89",11.2776752767528,9.73792701430714,16.8873921380152,21.1219495960848,7.97297088290767,16.7054084663166,10.5773653445153,-1.88684843043828,1.97374828383213
"90",7.2538860103627,11.8905748247649,-4.16235977695916,-4.59761531099301,11.6195667429675,15.4550200407882,9.36189904954404,8.59904478555227,7.52706277898658
"91",6.8792270531401,5.98146342741311,21.4283243651809,25.978456891489,10.3485849870453,10.6198989684311,12.2211641130455,11.3194914990437,11.9460044266753
"92",-11.0468269752305,-5.02850803235565,-11.7297716549551,-12.7749510551305,-15.9189489238722,-8.77953833018385,-12.7642747487958,-9.83247525109856,-11.6443450727327
"93",5.85365853658535,-2.62251041773422,2.65724790705193,-0.490368758452995,2.7207817113765,-6.68942348300301,3.21528031746548,-3.5047391765402,-5.09762869352208
"94",8.73655913978495,11.593323026077,5.44774470866907,2.70193090482032,10.3224719606691,8.72733971666824,6.50739743291028,4.36206224758904,10.5202024493377
"95",7.20466184001411,7.66465515267487,11.4047506471296,10.7477207581921,1.17249106238336,11.9382780038507,2.80164487369091,5.68873744020514,10.1644633148629
"96",13.0456267501235,11.1199217706437,67.0436136299731,55.0542034978496,22.8771854438092,17.547807414028,31.7852950085144,21.2022027970348,49.1831947531169
"97",-9.68131702159795,-5.37701287237631,-32.3478266153921,-53.4683614219885,-15.5858622172415,-29.4291481839455,-33.3980070546376,-8.96657621846478,-19.7530975457483
"98",-4.13043478260869,-9.35159975980446,-5.00442483574227,-5.94097329968923,-8.62346779214574,-14.8420005118273,-16.4321908008511,-9.02573010832549,-3.76455996163668
"99",6.50619222047795,9.12901598500409,19.6437818055072,19.6456067728859,6.60901118289901,12.5886862905985,10.6169149421915,5.59027775811463,-20.875481386211
"100",11.1365869636423,7.98580963457885,-3.41963195481178,0,2.4125236688626,8.42493820708462,3.30244650398119,-8.0852096629095,-8.6629478951763
"101",-9.56380783966991,-5.54749039295721,-7.21143149460288,-4.17971286784615,-2.87872497944374,-3.81240578417383,-1.8028349524158,-5.0739431177601,-26.6151495711374
"102",7.95176796480366,9.98922631068519,21.8824987508592,19.1426323786874,8.0222418339848,8.44173418125832,7.22950208827104,6.95095338595914,4.24350426341441
"103",8.37735849056602,8.81838652572364,5.49779437503876,3.26923616855423,7.27593542824283,13.7689402773186,6.8377297444737,6.78903355428514,-4.99369532859388
"104",-0.529247910863506,-6.55831876557968,-1.45633641878967,0.583092031079314,-1.66796891986555,-2.18129453873845,-1.25302844256242,1.53259704782268,-10.6365036083832
"105",3.5284234108093,8.00313234031828,6.71329521998657,6.69882796552829,4.72842495276487,-4.06806417742428,0.145384081822785,10.0309759221009,-2.2016130564375
"106",0.838517717067888,2.09537913035298,4.55842992757989,2.3288110211267,2.21162860497427,-2.68592690502683,4.82134961412259,-1.47252552439797,31.9698286350739
"107",-5.60622317596567,-9.96540489182334,-21.5093904889769,-23.5503822254264,-10.1511010548168,1.3967336774864,-5.74570550247873,-3.91509075618249,-32.6571165638501
"108",-10.6280193236715,-13.5433457994979,-19.3653122803505,-12.072854588614,-11.7125357237413,-19.1761950573042,-9.9620531305447,-14.5267086058658,-46.0394770139099
"109",-6.64546899841018,-5.13912764034753,-3.1388219510011,-7.07100755783173,-3.06422291732894,-1.86000985912141,-11.005112501568,-4.61703041433063,59.5648816075067
"110",7.23773841961852,13.6821893170074,17.106440226932,12.8430208292746,8.53321154699097,17.298303948095,14.2457679249808,11.9978426219819,22.5550291344775
"111",-3.36668254724471,-8.76330742431013,-6.25203569813341,-6.59715283089958,-10.8789981217025,-7.47155381558642,-9.70890742199574,-11.6687145135746,-41.3914162594692
"112",-4.40427280197206,-4.22646900647544,-10.0435892759564,-5.03209719693264,4.8760420411901,-0.955501360593305,1.31618495172625,4.49754598857617,34.4234241956702
"113",6.2059480832044,4.9531304211442,22.8780393511083,19.5967965935245,5.7786149881046,2.39652008494343,5.20604815478017,3.19450141219052,-7.07432980244539
"114",6.73357073486565,14.2269831105203,9.19953673706105,8.09323309132477,4.9298042984428,8.32632003503429,8.4805311668852,10.4853287647966,3.66639843715913
"115",-0.242644828632088,-1.82761166520262,11.1688110388887,15.806287781855,1.38006436609246,-1.27914032795587,1.5740610284688,6.02485102680633,2.76151670329734
"116",-2.67558528428095,1.40316902288119,-5.79807400413993,-4.43531675498025,-0.263922032319068,-0.414651596184847,-0.244319691530467,-2.61338914906582,1.16055461203079
"117",10.0749765698219,5.75657491395546,3.14305079472784,-3.03890787985408,6.69470875559219,4.02678243758427,2.22553936352614,1.57621476938764,-19.782574332992
"118",10.9692067546474,6.42182677018471,-7.01145765961514,-4.54297577588104,3.49719951884927,2.19307034939702,5.03837900047099,6.23097142569448,2.01089529227135
"119",-5.39641943734015,-6.32494765389529,-0.530505222969323,0.488043916490835,-2.80754161294325,-4.11835927885235,-2.90812093008419,0.732008148650563,-17.34786877669
"120",10.3541497702082,11.3392908685817,0.722720563265232,1.73749544703532,7.65245743279553,6.09436858978439,6.92114268369637,7.71711157133755,11.3523826296987
"121",15.3356197942185,10.4285465972259,12.6545937265017,11.298686339289,13.0685144901252,14.1000241074232,12.4751704972477,15.5970906251985,16.8678780390168
"122",-5.90484282073067,-1.29915591377867,-5.29867748938835,-7.81925683853748,-0.279720462106114,-6.6436639612626,-0.930239266231356,-4.26154288915032,0.137268381197217
"123",8.29571106094809,5.45120967569664,10.2904334898624,11.0982391208366,5.79139862219465,5.93930516413651,4.00740513290673,6.79653287870295,-2.50013022054173
"124",-4.46065659197499,-2.26718120605126,-8.04116556728246,-5.00316292574971,-4.83559684158411,-4.29478885452036,-3.85176307814089,-8.07730535769381,13.0361817863243
"125",11.0286898658231,9.6917020130614,7.7994249177286,10.2792002458874,10.6311312021348,13.5955636236029,12.5186013427083,0.945314264375533,11.6410351844411
"126",-0.235802711731181,1.40729577391008,-3.23865156991536,-0.157047539149234,9.25200537364182,4.37735665461955,4.88718401608198,-1.21705356202552,8.02117550917396
"127",11.9755761276344,8.24078133474243,15.8071554570495,10.8968928735365,3.73070524128106,9.73139522805228,8.39302986296126,8.47412284550907,9.1985463036573
"128",12.0052770448549,14.0247003291107,14.5114704417251,12.9382558496714,13.2317823997045,10.7624656472445,11.5343561773708,5.47248996892465,5.57698461556023
"129",9.90184530820575,7.92903414463736,2.16109460529634,3.49845563456266,6.45042458038119,5.07644736454542,7.32663822643334,11.870305937903,14.3217488922504
"130",-11.2817947985139,-10.9060350973008,-10.4658162746799,-10.6856402249409,-12.4392231956042,-12.0834168042431,-12.320817289847,-8.38158003785897,-35.3754918071135
"131",-6.94209551421439,-8.9372964897514,-3.08970426553827,1.45312992885375,-8.66144728367711,-8.36405150007484,-7.53641176852344,-4.20131798904083,-11.6703704736708
"132",-12.8515794028559,-19.3539410149235,-14.8020085096946,-12.8578805759833,-9.97326429070067,-9.1955762835094,-8.67907481966775,-15.2959494457105,-13.9094689309851
"133",-32.3733862959285,-44.3830754941712,-46.7527688521598,-62.6095042682058,-31.290095467977,-38.771217158859,-36.6842751402203,-43.3993191722702,-14.858738314193
"134",-18.928046989721,-22.8993964992385,-25.1952794086178,-20.090317250609,-20.6496317881053,-20.6720387841155,-17.3762303398285,-27.0327289435368,3.96562667799285
"135",-19.2175330556059,-28.684420059715,-31.2621020799033,-26.0490488261299,-25.5196617307293,-22.0391676775268,-28.7682072451781,-10.1933187174356,-13.2865096097929
"136",-6.43497757847534,20.9539428975869,38.5437988724388,34.9347277088439,8.94816870344692,9.39212906921706,7.02042586732484,12.6899809904817,-16.5763137251349
"137",5.79918523843759,0.541884369557565,-3.33752358740583,-0.940445802797841,-12.2753614889571,-13.6812855321484,-11.2763873092044,-10.8409298507185,-16.6101612927191
"138",12.4348810872027,3.79988282657184,3.2611585588761,2.8717534171585,4.98760829071371,10.2887340357559,5.8343482120058,-1.53849188394795,-12.088189156045
"139",1.43029814665592,8.65415795359642,5.93205768444439,4.99917591580729,-2.80853374259916,-2.32737777722992,-3.56774082208325,-1.09120334509826,-9.67078040709629
"140",31.6981132075472,25.6074453135261,28.2267874060908,30.0158502259241,23.0659500492093,23.3829446746332,25.6282318583801,19.4524746008557,18.7436657460725
"141",5.29331925803045,4.70445150122726,-0.054303558217441,-2.78782744189665,4.71588424373481,7.08160967723477,6.70771620888125,5.88773657028328,-5.23679855173159
"142",-0.802062446290441,2.8513401374909,6.62006371559813,6.54388917355019,4.44771140050924,2.57111109886343,2.37645889410512,-0.855228181531725,-10.7752861296446
"143",1.02512272596014,-1.52411289582787,-7.32870663749638,-7.99561762842209,-1.1217167530925,-2.30018164568279,-2.76872613848491,11.9009277379628,-32.2203266820014
"144",0.700300128626541,-4.74725741546635,-4.24644805177586,-3.49105551763743,1.78875646927734,1.12995552539332,0.727275932907988,2.89875368732522,29.4887456173051
"145",9.33863184785695,12.9363649444598,12.1833674106229,11.9011815115764,8.49316535363804,8.26322645802702,9.66268356890717,11.9545150649783,23.4768032166497
"146",0.19470404984423,3.74683597470605,1.30523941381037,0.823897554455286,0.962276354145641,0.098473666253956,1.40705838969424,6.01273979725951,7.04516609506113
"147",2.85011011789091,0.17985616359149,2.17078084982303,4.26664463189029,6.10988926339565,5.13179003840329,4.10614867977739,15.1494635769142,27.7425572284592
"148",-8.23781332661545,-9.00614959248366,-7.86608744928762,-8.18871594721843,-10.7522906732751,-9.86819166316941,-8.91034279618538,-0.0760167273397717,-10.1169234993728
"149",9.43033630748113,6.99661804396167,5.19530555779404,9.60371881969422,6.4406516649227,7.07113802446522,7.31726058896595,-7.9092588837216,-9.98833585062899
"150",4.67887606623181,5.11819733670803,9.73586612307973,5.284248137438,6.79362078039032,6.19811673556861,6.27120366115369,-8.76850044991041,-19.1608242362159
"151",3.13960455362492,6.99131894346807,5.05426716766781,4.4052066334648,4.65410397179808,7.40111370476924,6.030195442993,2.13341424749911,0.254129742867255
"152",-14.0234692691995,-16.6094720510917,-16.7643811636677,-17.968650915595,-12.1432069395254,-12.5946776253742,-13.0830347397346,-4.58919932566553,8.97571808058139
"153",2.14864864864865,2.62283522171501,2.02436062766466,3.16006610418146,-1.55742911866584,1.04167608582558,-2.28184503616605,-9.25515573652453,4.97840353792864
"154",4.31273978039421,3.359014299376,3.20461240190497,3.26088586122823,3.14005364474477,2.32785185531734,4.8957402233205,8.97853038723551,5.9975144622727
"155",-8.77615726062142,-2.60128385439671,-8.34448980754919,-7.53236853951633,-3.59679130755582,-4.13398460235278,-4.04637213928784,-1.67601688574652,-23.569601738533
"156",11.1497289031002,6.73405116388705,9.06965614708122,7.08715385407464,13.0028315891643,10.636720302263,10.7894615545634,12.350476778123,1.30720815673529
"157",1.87617260787993,2.08289813910592,3.12970067219148,-0.447205714259189,-1.25844357413086,-0.259067502409239,0.623332383348964,2.70176073197859,-13.613217432458
"158",3.2780847145488,4.21452365103261,5.84802910978644,6.60003505504976,3.42331716422422,1.20328052594715,1.6725742021251,2.47320144698461,21.3574100298059
"159",8.6305278174037,8.04897309530121,7.79064981230626,10.6897794976713,10.6845426617663,8.6690949750573,9.84400728132525,4.61975909988577,1.43200537747485
"160",-0.426789231779379,5.97472155999975,0.487607630073582,0.501463650086454,6.72107135564077,6.99585886069105,8.12591048555116,2.23223554378985,4.63045680416864
"161",6.71502362897021,12.6089910562088,15.9291188446778,12.3003049819237,7.25853824074426,10.7257910958143,8.92578185402834,12.3733735914446,-11.7500270208437
"162",9.36148300720907,4.07542982768363,4.52780040455837,9.58796654402041,5.64371458956116,8.63823515480573,5.29430335530747,-11.640232477714,9.46159763748491
"163",-9.42763912161566,-7.72423035320943,-10.8907517096409,-13.1388687712162,-6.78333496050658,-7.25174165802063,-7.20089524462512,-4.75057229596521,2.62597145835557
"164",-7.20545277507303,-4.78049865338857,-3.02324639568287,-2.60205487018961,-3.77655572538486,-5.57399869504493,-4.5032078278856,-1.72418064345059,-7.86038585044372
"165",0.398740818468002,3.70803330995532,5.19906444855456,4.5017049392551,4.98276431887,3.0349857569843,5.36103675785077,4.12767406059067,-0.468384931242643
"166",-7.18018394648829,0.473302376606577,-5.93423317191177,-1.76275750833133,-0.584987043595928,0.0642673543971175,-1.53015417740095,0.192369408473833,-7.05030655821799
"167",-11.124873325076,-9.97672130213151,-7.77906191534883,-13.5683403628185,-9.82153082531819,-6.77775119464066,-9.03753795184767,-3.3216990706462,-7.58533425182594
"168",18.0666413277588,2.81524320570297,1.73197100482993,0.896866998276054,8.90469401663024,10.4672757721501,6.26908236342078,-2.48085133463397,-0.54496047675647
"169",7.69395857924671,2.54054182753274,-3.45582139238175,-2.99470763679521,-0.925320548048316,-6.26002563082247,-0.895676911697234,-1.71178435169687,-3.61652764680695
"170",-1.52451175767238,-2.85460083313063,4.0141701349518,4.4590883327875,-3.20486190520629,-2.57066400560003,-2.83898755726458,-3.72888786901957,-16.9374570427892
"171",-0.374380248912276,1.9876999733426,7.78130523462673,9.4823172454803,4.75323742831822,3.71765347672589,5.4049178056779,-8.13577894579013,-17.1640547373621
"172",8.75482429412959,10.3063302627634,11.5949854574722,5.94368029624869,4.94282021465545,7.9215235553504,4.22889271421519,-4.7779788301408,-2.8284713838582
"173",-3.7822189017557,0.960762967592062,1.45722068590907,5.26857670702625,-1.31539635427192,0.450518857813388,0.929662722896916,1.05477651329859,-19.8850858745165
"174",1.80529942735126,-3.92498846345949,-8.19281488595553,-9.55590443610748,0,-2.1200067150304,0.553677206513189,-7.02042586732486,4.87901641694321
"175",-17.5135856611689,-13.3218422414324,-15.0070040850542,-11.3301307173916,-15.8151948722573,-17.1544212547836,-16.9035969218146,-42.1172237313522,10.8213584640233
"176",-1.71058714748034,-9.79421788942009,-1.57061263467092,-3.74897475931363,0.552385864159387,0.579711768432591,0.759909573216945,7.98397238100565,15.7806991030369
"177",3.57478833490121,11.7676839086433,6.21224774399657,7.02919344886056,3.4647998440353,4.10531816672796,4.92363858803733,6.37007769051863,15.5192889405702
"178",9.52543142597639,7.28057261016196,12.8210658818643,15.0221818919994,11.8610409972242,19.4726953651442,11.8011790089498,3.37110573423117,-16.2518929497775
"179",-4.44697833523374,-2.2816028123915,15.683732336856,-3.44189819304731,-0.94967475372572,-8.26621933711279,-3.82330948788833,1.42624469205644,12.4297716677577
"180",-6.45476242134954,-1.32883311272768,-27.6377407636069,-22.1740505650135,-2.61010467163219,-3.46928516945153,-6.37783538641737,7.55075525081451,12.7833371509885
"181",2.67888205960802,0.860785453594505,-0.396468351372074,3.84273771338855,-0.88539683172548,-1.48725664093961,1.80727810596946,-16.6686842646553,-1.14943794257351
"182",3.71583465100518,-0.0360945681594241,2.35556929908905,3.43247425410747,0.263158046605582,-0.0977676466991148,-1.03351478376344,5.23071001218769,-0.870832789178431
"183",6.33779810519439,4.19765624072062,7.17873172932547,8.87353502161527,3.13687805570702,5.48734446721236,6.67562344552388,-3.10548244622179,-2.95879571854961
"184",-5.7552483358935,-2.94203436317937,-5.2226791438761,-0.668898815079665,-5.22824058605752,-4.28817274832657,-4.52072487906355,0.814431494168578,4.40599897940305
"185",5.66119743561881,-3.39015516756815,0.758101494308856,2.37358438097559,-2.20460005495226,-0.387347159579678,-2.2219451663571,10.0248980364859,14.6734082172209
"186",-4.13410119292472,-6.60271200997832,-7.07599165646201,-8.04164695915486,-10.5894113261675,-10.5288648181422,-10.3796793681644,-0.947874395454377,6.4848646740925
"187",-1.38382321390259,-1.08933539078836,-1.89702545808823,-2.53657362835632,1.09953714388795,-0.396040121609702,-1.15997558832267,-5.43612092188873,-6.73331200685871
"188",4.8188839334276,2.03042654382238,-0.527109654186242,-0.924505814405116,2.531780798429,3.19515998066024,2.96647632808655,-5.27645319635081,-11.8716306839382
"189",9.07015359070154,5.13469567197772,12.309585536504,11.8126973750917,6.51128047345868,7.98814303568415,7.49427402931865,10.500709632211,-3.12970067219148
"190",2.74024738344434,7.22193474053632,-0.133600554274225,-1.14128854219592,4.14969303236713,1.34574283423287,4.31244266337546,21.9957143944802,3.12970067219148
"191",-5.20466753102427,-7.25901641334465,-11.0125265589465,-13.8962262204594,-4.35658965789509,-5.56244129779167,-8.04215673105742,-10.3943080976853,-2.55333020051646
"192",-5.93005080109417,-0.297149443273039,-1.50378773645406,-3.66341331797804,1.40533589644724,-0.675222011728667,1.74402746216092,10.0533017996311,2.55333020051646
"193",-3.88410011423824,3.23907547765936,1.4291330110756,1.76704823815451,2.78588246528494,2.80579527951575,1.50998064557508,-0.342173131116133,8.06889112501429
"194",6.07239330091842,-1.01349161782584,4.88257266794377,6.08402449081074,1.9990834493389,0.0329326530228183,2.62199894520346,8.06357688750644,10.7683397073966
"195",-0.631557502291946,-1.64141047061163,-5.44426671166233,-2.09147824989235,5.46135387626086,-2.1635059208099,-4.47836026269733,20.7688770672378,15.6468177967621
"196",5.46386468477704,0.755276686029843,5.90550577666091,5.63100436386428,-6.96514161271491,0.134499011533261,2.50141532807313,-33.3906487939779,-4.87901641694321
"197",-1.27332814930016,-2.81970944406442,-3.82441989480707,-0.630916919326472,-4.79012313240913,-2.13966389935479,-3.23274367900883,-4.96425452802361,-6.89928714869513
"198",-1.47681401988776,2.49803277313514,5.33507570870404,1.80783377728988,-1.42685559779292,4.43174231845628,-0.0349589236212121,2.32893618798978,6.69073649959299
"199",3.32767063055863,0.532502176397753,-0.559442018532444,1.99101599593299,-1.37641135391657,-3.95228934521115,-1.51491359375256,-3.75278558690126,-6.46777096686609
"200",2.58220502901352,1.65278008565374,1.25437184785303,2.02242124626263,1.48150857851407,3.49145903659174,2.00322987625977,0.951481964133849,-2.25234746670831
"201",-7.39134533798435,-5.64116768076086,-5.40672212702757,-8.88331330905702,-2.80508361526754,-2.67485021148637,-0.979028798917252,-4.65200156348929,-14.9605217455584
"202",-0.376667006006315,-3.70808278600184,1.30720815673527,1.97649915723462,-0.180212699700579,1.81334720263684,0.839753010386922,2.64332570681554,6.65206823415624
"203",-6.83629675045984,-6.59107702577474,-2.92846695451753,-2.70853864280108,-8.15168576719889,-10.9993156204689,-8.8469519068127,-0.193423657983087,2.44510958641643
"204",-11.670505648788,-11.7558596917315,-16.6108968816132,-19.9640033170451,-7.55842984790194,-3.70833258882293,-8.04234424963347,-14.3398750844783,-8.04453652187392
"205",-18.1174717496585,-15.7701390227705,-13.0028762073321,-25.5776005343108,-16.6325235636905,-19.8958805974496,-17.9355662380576,-17.2758490474962,11.8364600081033
"206",-18.9414619350925,-26.2906907150609,-27.2152270833654,-24.1605614153945,-15.1495517298242,-17.9878635349778,-19.5637862081841,-43.78566038994,-31.4392222779355
"207",-10.5893358278765,-15.1079590790782,-4.21890487317882,9.82702214328016,-4.62990699866234,-10.4985210718161,-7.92926888879087,3.03974771843712,-8.64325057723075
"208",4.28960033479808,26.4207940696881,21.9031139761117,24.1965996162771,15.5538364351765,22.126561649001,16.4952612860072,20.5016166721653,-3.17486983145803
"209",-4.25361155698235,-14.2131851316792,-11.9501544414084,-12.9592829045594,-20.0901842530502,-19.7778751952829,-14.692250434293,-17.5515502324955,-5.14819558351434
"210",24.9371332774518,17.4092596949011,18.9007104966354,17.601238760069,15.7867313756974,20.4771787443799,15.788151813265,7.10579212657212,-3.45523815066597
"211",1.05669238510568,-1.16481719960478,3.0290049149541,3.21771402754887,-1.09171389953485,-0.249190261017891,0.380745632658167,-22.8119811300438,8.24436692110746
"212",-1.2780082987552,-4.61732619245458,-2.00910826199318,1.31914647543625,-3.63269896328065,-4.33409661970555,-6.44661386685736,-2.29367853430983,0.71684894786125
"213",-20.7969065232011,-12.3749231154205,-14.4975917435103,-13.1229895636243,-19.4806685468387,-18.4930480788755,-17.1379898541086,-12.8571885021321,-1.43887374520997
"214",-8.41463414634146,-1.42769588581882,-13.743273703276,-8.13342259483511,-6.64200715646755,-7.03043470847621,-5.47332219608939,6.2242308877221,-8.90336223703975
"215",3.41766533510874,1.49021542521064,0.346861256540357,0.145985427386545,-0.985923479230897,-0.526317004427464,0.630916919326476,-4.1810270060015,-22.1121305933442
"216",-13.2403433476395,-9.31666454830617,-4.75098207241166,-11.9151586574787,-14.5226242952987,-12.9393715101982,-14.5684407163963,-3.89510865844435,6.35911027815311
"217",-8.16225575068018,-17.7712938292684,-6.99270144787484,-5.31546459194825,-21.1549808108829,-15.040395382565,-18.7021346661773,-6.01866336351137,7.74874954783743
"218",-9.3455426878535,-9.95804151337279,-10.848064299407,-8.68538346498,0.101061150592346,-5.19364698587968,-1.27515214820316,-14.3864639744256,0
"219",-2.73321449792037,8.05532314355821,-9.27093981042673,0.940740710189555,2.98529631496811,-2.98529631496812,-2.19569699186953,19.701724672199,-34.1749293722057
"220",12.8283445326817,2.28439822248469,25.205489480863,17.0864160800999,8.6357568532211,13.6958279286885,6.35289299362189,3.24102441507545,20.0670695462151
"221",24.4721169463996,21.6646299335029,15.0867300295422,15.5390186437022,17.7513855225851,17.8045983078392,26.5419034462448,12.6100663949482,-4.65200156348929
"222",6.78555893866899,7.6327867698517,1.20216569586561,0.40458585195438,6.55733770556936,8.72992876241582,-1.24225199985571,4.32287345508202,11.483925961237
"223",-1.69042769857434,-2.48702572760904,-10.6059571960324,-2.65954986462206,-2.28255273422243,-2.56588804167629,2.612630459222,0,32.6993492666669
"224",-13.9424072923141,-16.4540927061777,-7.77725591389973,-10.099319461434,-16.3453072489572,-18.5054332260037,-19.9080111382575,-20.6456632529195,1.01523714640181
"225",7.55897929706308,16.2249020651714,0.977818998163548,9.47540062638479,12.3712743840058,13.0301004616362,14.8389862392464,6.18754037180874,-0.675678246287976
"226",6.80393912264996,0.623832341269172,11.4450809980574,2.81129244298079,9.17548636020475,8.60958356118763,6.63266727598653,19.1538211898879,-3.80011181786139
"227",-1.8650461022632,-4.32087543312368,0,-5.13288809429537,-3.41377628495681,2.48769047554045,-1.63530128366068,1.81823190831905,0.351494210744459
"228",5.50928891736067,3.7179003241754,2.50507496304528,2.32159565131458,3.68737426684427,-4.84523833859467,3.45226251973055,3.19176029683049,15.2645788647838
"229",8.78364703501315,13.6446846584647,11.4304771280059,16.678658339094,9.63032285453167,13.3208967988487,7.21273812903927,19.8765025519071,11.1067093690947
"230",-1.86046511627908,0.526269248376825,-10.2010860374342,-9.17849117586397,-6.27204890691796,-7.55850131277581,-3.40793136528626,18.3751149603549,-21.2419587951234
"231",2.36966824644549,-3.4806938790494,-0.386598419646591,1.79032914925272,5.71217186121588,0.606797978375605,3.6010437523033,-25.489224962879,-16.6448207637664
"232",-6.40740740740741,-2.19789067187752,3.2394067811004,3.73177630071951,-4.9882463568041,-1.33984952000103,-4.87580103455356,-6.50506850412123,20.8868923521617
"233",-2.43371586861891,-5.39182327953229,-7.52624845005469,-9.67153179528595,-6.15266678819463,-4.77177780076794,-3.85457215650479,1.62605208717803,2.21178052536192
"234",-2.06854593388766,-0.121383789939342,6.26837022936868,3.11180354670465,0.0697107034155956,-1.42489457415204,-1.91291699089954,2.23294763980888,-4.80092191863607
"235",-4.70076620418305,-4.81021418018009,-5.66373284818221,-4.12566826383799,-3.61869920161067,0.714985171290752,-2.46210843903481,-5.01317577100405,-2.32182901020071
"236",9.10473707083876,9.92031100035484,12.157134102261,10.7464279455008,11.7140568560722,10.0946643763794,14.256306465487,19.659183188733,-3.76112707457833
"237",-5.87532364070903,1.33742918255699,25.2368307972704,23.2011980937939,5.80506178212619,9.00804331070476,19.9340561963549,8.61026990534118,1.72715865086605
"238",9.33135844265765,7.89763992633316,-28.186186916337,-24.243832500641,8.65058924719666,2.74423553129938,-12.9966326460026,13.4312337607594,0.682596507039989
"239",5.20611573446874,7.31930876723945,11.6900273231896,7.65270976104935,-0.501813152284648,1.13872866088835,1.58873597623191,6.14600169104838,-3.46055291774756
"240",5.59234731420162,3.49170641215214,-4.27486682051611,-2.19408339617319,0.724035465956415,-3.61579865790725,2.25117731722169,0.71684894786125,7.46108637911748
"241",5.33101045296167,4.91423916370734,3.67524659929955,3.21681958356652,10.0743882044512,9.51161180920915,8.31989438549739,0.305654848254887,18.7211542088146
