1.00%,2.50%,5.00%,99.00%,97.50%,95.00%,1.00%,2.50%,5.00%,99.00%,97.50%,95.00%,1.00%,2.50%,5.00%,99.00%,97.50%,95.00%,1.00%,2.50%,5.00%,99.00%,97.50%,95.00%,1.00%,2.50%,5.00%,99.00%,97.50%,95.00%,1.00%,2.50%,5.00%,99.00%,97.50%,95.00%,1.00%,2.50%,5.00%,99.00%,97.50%,95.00%,1.00%,2.50%,5.00%,99.00%,97.50%,95.00%,1.00%,2.50%,5.00%,99.00%,97.50%,95.00%
-22.923,-19.216,-16.594,27.129,21.801,17.762,-29.975,-23.979,-20.125,30.568,25.29,21.179,-32.391,-27.063,-22.901,34.494,26.496,22.423,-37.686,-29.117,-22.681,30.732,27.174,21.583,-28.509,-21.653,-16.784,25.06,20.004,17.928,-30.512,-25.938,-21.936,33.988,27.944,22.227,-21.373,-18.278,-15.486,24.211,19.577,15.438,-31.218,-23.442,-18.749,29.133,22.919,19.261,-31.37,-26.365,-21.425,37.195,31.351,24.575
-24.16,-18.798,-15.191,24.437,21.346,17.546,-24.8,-20.659,-16.849,27.035,22.733,18.265,-30.761,-25.521,-21.994,34.619,26.769,21.292,-28.231,-24.412,-20.263,32.212,25.427,20.726,-22.206,-18.624,-15.793,26.497,19.063,15.431,-31.164,-24.714,-19.726,28.175,23.398,19.544,-19.916,-16.492,-13.828,21.753,16.448,13.854,-28.075,-22.896,-18.534,24.795,20.812,17.131,-23.879,-19.094,-15.858,32.437,26.685,22.575
-23.356,-18.057,-15.729,29.516,25.444,17.899,-31.41,-24.866,-20.617,26.675,23.924,19.94,-32.704,-26.686,-23.568,40.127,32.027,25.347,-36.857,-29.845,-24.125,36.303,29.717,23.311,-21.814,-18.064,-15.045,22.882,17.766,14.673,-26.275,-21.914,-18.45,32.78,23.686,19.869,-21.51,-15.755,-11.911,21.45,17.622,14.159,-25.956,-21.594,-18.521,28.554,23.775,20.258,-36.028,-29.951,-24.41,39.966,32.12,26.316
-23.982,-18.036,-14.988,26.606,22.286,19.164,-29.491,-25.341,-19.725,28.943,25.395,21.628,-34.252,-28.449,-22.813,36.328,27.796,24.097,-30.595,-24.086,-21.084,34.542,29.68,25.832,-19.732,-17.477,-14.344,23.426,19.675,16.342,-29.52,-22.946,-17.171,34.743,25.654,21.485,-20.026,-15.481,-12.572,21.172,17.811,14.766,-29.083,-23.222,-19.572,31.095,23.359,19.593,-31.342,-25.686,-21.61,42.565,30.643,25.241
-24.819,-19.42,-17.34,29.059,23.601,18.865,-34.459,-28.287,-22.548,32.501,28.329,22.862,-34.395,-27.045,-20.988,35.894,29.573,25.48,-37.989,-30.871,-22.804,37.627,29.409,25.46,-20.624,-17.453,-15.286,25.208,20.48,16.93,-28.56,-23.05,-18.066,29.018,26.027,21.14,-23.582,-18.173,-14.529,22.061,17.845,15.068,-25.233,-21.254,-17.88,26.991,22.467,17.31,-38.545,-29.439,-23.081,42.376,32.67,27.037
-27.337,-23.309,-18.197,30.999,25.132,20.698,-35.407,-30.773,-25.33,41.326,33.68,28.08,-32.475,-26.455,-22.428,35.261,28.169,23.512,-37.922,-28.632,-23.783,37.635,30.386,25.209,-27.159,-23.221,-19.218,27.403,24.714,20.899,-32.319,-27.88,-22.948,37.764,31.087,25.895,-23.087,-19.736,-16.408,27.742,22.824,18.723,-28.296,-21.978,-18.248,29.564,25.017,20.512,-40.369,-30.802,-25.507,40.726,33.403,27.146
-25.947,-21.298,-17.089,33.479,25.887,20.301,-39.567,-32.102,-26.326,35.822,32.671,25.828,-29.895,-24.884,-20.051,31.201,26.268,20.813,-33.055,-29.29,-24.279,31.831,27.6,23.117,-26.832,-21.254,-17.042,26.989,23.291,19.247,-34.748,-28.547,-23.09,40.033,34.002,27.885,-24.044,-18.55,-14.88,26.955,21.413,17.689,-26.243,-22.613,-17.205,28.441,24.118,19.429,-34.33,-29.153,-22.7,38.327,31.23,26.035
-25.837,-19.142,-15.589,31.853,25.618,21.566,-39.959,-29.928,-24.571,37.543,31.869,26.785,-33.922,-26.256,-21.665,31.321,25.468,21.986,-33.569,-27.127,-22.581,38.456,31.574,24.274,-23.102,-18.703,-16.549,27.905,22.486,18.749,-29.285,-26.559,-22.615,39.307,30.35,25.5,-23.233,-18.634,-14.245,25.697,21.521,17.566,-24.815,-20.869,-16.624,24.437,21.159,17.41,-35.913,-29.63,-23.52,41.03,34.111,27.481
-25.738,-19.826,-15.755,25.637,22.53,19.343,-34.383,-29.626,-24.932,39.802,33.72,27.307,-33.321,-27.065,-22.103,32.216,25.096,20.612,-31.098,-26.287,-21.406,36.145,28.494,23.606,-25.347,-19.331,-16.125,24.818,20.236,18.059,-29.166,-25.189,-20.602,36.721,31.793,25.43,-21.988,-16.728,-14.125,23.561,20.383,17.249,-26.871,-19.086,-15.053,23.916,20.164,16.586,-43.104,-36.747,-30.036,46.257,37.723,31.272
-30.378,-24.505,-19.912,31.493,26.458,21.878,-42.033,-33.832,-28.888,41.831,33.135,29.086,-27.12,-23.815,-20.263,31.68,25.355,20.855,-33.752,-27.838,-20.83,35.282,27.941,23.626,-25.493,-20.638,-16.548,28.618,23.293,20.217,-37.107,-27.775,-23.626,34.507,28.138,22.483,-29.885,-22.195,-18.356,29.344,23.924,19.12,-33.419,-24.524,-21.465,35.959,31.035,26.473,-56.634,-43.466,-34.522,57.634,48.953,39.92
-29.16,-23.613,-19.001,30.338,25.009,21.312,-39.856,-33.882,-26.579,42.762,33.206,27.419,-29.549,-23.979,-20.794,31.635,26.504,19.821,-30.223,-24.713,-19.117,33.735,25.434,20.769,-27.457,-23.861,-19.195,30.704,25.261,21.629,-34.665,-26.832,-23.255,36.126,29.456,25.068,-30.874,-25.559,-20.746,32.07,26.866,22.613,-41.512,-29.996,-26.209,39.956,36.171,30.372,-72.295,-57.88,-46.893,70.543,56.781,47.754
-26.054,-22.98,-18.364,28.843,23.635,19.197,-40.559,-32.159,-27.79,40.086,34.367,28.539,-29.403,-24.894,-20.084,33.629,25.476,21.273,-37.584,-30.106,-24.063,36.19,29.509,24.458,-28.301,-22.683,-17.79,29.06,24.837,19.773,-32.582,-27.041,-23.194,34.794,27.949,22.938,-28.44,-23.842,-20.701,28.77,24.987,20.037,-40.497,-29.107,-23.044,43.959,33.859,28.49,-59.496,-46.448,-36.396,64.32,53.151,45.548
-28.121,-21.137,-16.858,28.184,24.544,21.514,-36.493,-29.563,-24.767,38.5,33.462,26.115,-27.199,-21.113,-17.922,29.297,24.788,19.54,-40.743,-31.074,-25.938,42.323,34.568,28.598,-29.099,-22.409,-17.768,25.922,22.701,19.695,-33.381,-27.275,-21.929,32.194,27.93,23.596,-28.076,-22.771,-18.673,30.318,23.679,19.93,-33.523,-26.681,-21.381,34.991,28.972,25.746,-57.926,-45.328,-36.447,59.672,51.06,40.078
-24.907,-20.885,-16.276,27.751,23.685,20.19,-37.348,-33.005,-25.661,40.029,32.604,27.742,-32.808,-27.619,-21.864,31.998,25.849,22.048,-38.238,-33.933,-27.797,45.285,37.074,31.257,-23.891,-20.315,-16.894,25.778,21.366,17.255,-29.88,-23.806,-18.609,31.188,24.737,19.515,-30.989,-23.983,-18.583,27.435,23.733,20.262,-36.23,-29.442,-24.375,38.938,32.495,25.955,-53.308,-41.155,-34.905,62.239,50.501,37.201
-22.718,-18.924,-15.861,25.788,21.634,18.448,-33.293,-27.775,-21.24,40.633,34.111,28.251,-30.345,-25.809,-21.962,37.833,30.465,25.32,-47.145,-38.818,-30.914,45.924,38.33,31.659,-23.668,-20.098,-15.765,26.347,22.664,18.077,-27.276,-22.965,-17.785,29.457,24.296,19.365,-29.488,-22.011,-19.238,27.191,23.511,19.848,-34.141,-26.358,-21.066,37.614,31.221,24.364,-51.523,-41.359,-34.845,61.248,48.31,40.463
-24.155,-19.907,-15.008,30.121,23.964,19.798,-34.773,-29.909,-23.702,36.454,31.882,26.918,-38.18,-31.534,-24.995,36.408,30.993,24.999,-46.498,-40.21,-33.061,48.246,41.522,34.767,-23.123,-19.173,-15.438,26.033,22.023,18.298,-26.625,-21.187,-15.831,28.427,22.331,16.799,-23.145,-21.395,-16.82,28.761,23.869,20.07,-36.253,-29.4,-25.3,37.149,30.988,25.565,-53.267,-42.56,-36,52.782,45.067,37.591
-22.161,-18.589,-14.76,29.536,22.151,18.513,-35.499,-27.975,-22.37,36.691,29.553,25.361,-38.739,-28.899,-24.61,35.248,29.209,23.138,-45.373,-37.437,-32.011,47.644,41.115,34.35,-22.571,-19.705,-16.986,28.576,22.581,17.586,-29.366,-25.078,-19.971,32.164,24.399,19.986,-23.972,-19.797,-16.342,31.534,23.518,19.163,-31.473,-28.255,-22.789,40.169,32.636,27.922,-49.316,-43.349,-35.756,56.017,43.577,37.25
-20.85,-17.286,-13.956,23.392,19.222,16.394,-35.719,-27.591,-21.704,35.237,30.143,26.241,-32.315,-27.27,-22.944,35.486,30.501,24.623,-44.555,-39.367,-31.529,47.38,39.77,33.149,-23.94,-18.477,-14.476,26.616,22.215,18.079,-32.498,-27.899,-23.641,36.441,30.258,25.131,-24.758,-16.943,-14.359,27.661,22.796,19.156,-35.085,-26.959,-20.623,35.51,29.745,25.522,-61.09,-47.674,-38.187,62.024,51.556,45.272
-26.439,-21.842,-16.686,27.782,21.96,18.801,-37.375,-30.949,-25.588,41.269,33.985,27.302,-35.879,-29.803,-25.027,35.054,28.233,24.336,-44.55,-33.857,-30.691,48.425,41.381,32.456,-24.05,-20.161,-16.731,26.782,23.264,19.373,-46.248,-33.728,-26.885,45.911,37.138,28.74,-31.459,-22.788,-18.867,31.5,25.387,20.222,-32.638,-27.016,-22.137,33.261,29.096,22.343,-57.28,-42.924,-37.21,59.159,48.271,39.232
-25.607,-21.474,-17.241,24.912,20.231,17.071,-36.29,-29.182,-24.409,33.547,27.153,23.118,-37.442,-29.204,-24.01,36.746,31.485,26.337,-47.486,-39.743,-32.735,48.827,40.108,31.218,-29.03,-21.627,-16.966,28.789,21.144,17.976,-40.038,-31.494,-25.941,37.763,31.776,26.718,-27.507,-23.176,-19.654,28.251,24.222,21.845,-33.302,-26.092,-21.39,35.57,28.865,25.133,-69.505,-53.292,-43.603,64.896,55.644,45.602
-24.522,-18.872,-15.893,24.718,20.936,17.695,-32.837,-27.686,-23.424,35.535,27.787,22.35,-33.414,-26.985,-23.913,34.017,29.525,24.289,-43.115,-35.443,-27.929,49.05,40.896,34.771,-28.682,-24.415,-17.912,29.857,24.28,19.676,-44.463,-33.15,-27.53,39.183,33.938,27.542,-30.439,-23.613,-18.483,30.036,24.152,20.68,-38.342,-32.133,-25.865,36.553,33.237,27.502,-78.34,-59.62,-47.336,84.404,71.284,55.273
-22.942,-19.371,-15.203,24.571,20.969,16.862,-29.131,-24.319,-20.787,34.814,28.791,24.103,-32.834,-27.603,-22.538,34.442,28.548,24.266,-45.045,-35.336,-27.551,43.365,36.048,28.829,-26.117,-20.601,-16.628,26.075,22.675,19.143,-43.195,-35.47,-28.487,39.305,34.244,27.78,-24.461,-20.313,-16.653,28.769,23.866,18.98,-38.289,-29.741,-24.635,36.08,30.476,26.141,-72.889,-62.404,-50.72,72.389,60.892,50.309
-24.272,-19.301,-15.122,22.837,19.732,16.382,-29.954,-26.217,-21.34,33.216,27.464,22.645,-37.324,-29.129,-22.655,32.984,26.248,22.489,-40.124,-33.95,-27.611,40.455,35.186,31.038,-24.877,-20.36,-16.039,27.036,22.346,18.899,-39.431,-33.161,-26.558,36.7,29.564,25.284,-24.839,-20.567,-16.581,28.388,22.416,19.089,-37.822,-29.666,-24.732,36.858,31.047,24.594,-60.862,-53.221,-46.565,71.922,53.199,43.615
-25.353,-19.358,-14.723,24.621,20.318,16.621,-31.492,-23.353,-18.886,30.384,24.28,20.642,-35.048,-27.984,-22.759,34.426,28.019,23.131,-40.138,-34.307,-28.452,38.691,33.16,28.629,-24.701,-19.122,-15.278,28.155,22.712,18.072,-37.593,-31.259,-25.16,39.587,32.773,27.974,-26.163,-21.361,-16.29,27.62,22.516,17.932,-35.669,-30.215,-23.97,39.751,32.115,27.768,-63.787,-53.294,-43.756,70.333,52.213,42.734
-23.694,-17.827,-13.964,24.086,19.724,16.228,-25.946,-21.996,-17.792,26.812,21.852,18.926,-25.679,-22.588,-17.045,26.331,21.399,18.177,-31.788,-28.036,-23.48,36.745,27.794,22.368,-20.693,-17.59,-15.04,23.582,18.551,15.638,-36.335,-27.332,-22.101,31.06,27.352,21.708,-22.697,-18.178,-15.022,23.994,19.614,15.824,-31.896,-28.314,-21.926,32.286,27.612,23.675,-57.524,-48.367,-38.32,60.506,48.5,38.737
-20.292,-17.77,-13.775,22.618,19.417,14.856,-31.133,-23.637,-18.697,27.247,24.319,19.292,-27.549,-23.089,-19.975,30.012,24.495,19.904,-32.459,-27.935,-22.28,32.808,26.451,23.534,-24.942,-19.907,-15.523,22.855,18.582,16.492,-26.607,-23.546,-19.472,29.952,25.374,20.679,-23.184,-18.95,-15.512,24.554,20.109,16.73,-32.924,-27.331,-22.157,33.681,27.691,23.35,-53.059,-43.068,-36.508,58.838,44.056,36.094
-20.42,-17.223,-13.295,19.914,16.641,14.25,-26.429,-22.335,-18.336,27.198,23.347,19.471,-26.189,-22.007,-17.106,28.197,22.83,19.225,-29.701,-25.388,-19.58,34.391,27.232,22.847,-23.966,-19.5,-15.134,19.92,16.802,14.982,-33.651,-26.267,-21.556,28.513,23.352,20.416,-23.307,-19.981,-17.211,25.141,21.683,17.524,-31.967,-25.964,-20.822,32.142,27.464,23.276,-52.848,-42.304,-35.094,53.032,40.707,35.598
-19.62,-16.108,-12.809,20.765,16.449,13.875,-25.217,-21.173,-17.748,26.4,21.67,17.464,-24.924,-20.72,-17.359,24.684,21.126,18.006,-28.621,-22.777,-19.484,32.084,27.694,21.983,-20.557,-15.933,-13.411,20.083,17.931,14.482,-25.345,-21.269,-17.788,28.96,22.434,19.761,-21.326,-17.183,-13.536,23.258,18.814,15.2,-28.739,-23.793,-19.868,29.711,25.83,21.584,-50.729,-40.337,-32.828,58.399,48.715,38.593
-17.519,-14.22,-12.027,21.102,15.505,12.408,-23.134,-18.605,-15.056,24.414,20.114,16.994,-24.908,-20.425,-17.163,24.902,21.437,17.574,-30.083,-22.273,-18.468,26.582,21.457,17.902,-23.171,-20.029,-15.933,23.038,18.144,15.001,-30.722,-26.468,-21.895,30.819,26.628,21.134,-22.457,-17.627,-14.882,22.643,19.17,15.814,-32.202,-26.058,-21.211,34.34,27.038,21.936,-50.502,-36.98,-31.437,46.169,38.595,32.685
-17.062,-15.092,-12.49,20.959,18.185,14.278,-24.109,-20.193,-16.349,25.97,20.532,17.221,-23.236,-19.565,-15.692,22.59,19.385,14.968,-27.885,-23.572,-18.147,27.915,22.344,17.968,-20.715,-16.455,-13.644,22.947,18.14,15.655,-26.469,-21.01,-18.017,28.104,25.156,20.388,-20.744,-16.839,-13.293,21.063,17.619,15.426,-30.37,-24.781,-21.379,29.861,25.468,21.028,-54.474,-42.175,-34.701,52.949,44.252,36.481
-18.251,-15.594,-13.334,19.356,16.017,12.815,-25.745,-20.515,-17.716,26.878,23.358,18.546,-21.715,-17.844,-14.445,23.351,19.418,15.566,-28.783,-22.816,-16.917,27.69,20.631,16.456,-20.197,-16.588,-14.369,20.898,17.392,14.563,-28.338,-23.325,-17.45,29.503,23.739,19.929,-21.829,-18.137,-15.046,20.244,17.243,13.821,-30.889,-23.683,-19.202,31.734,24.562,19.049,-45.581,-36.979,-28.903,48.518,44.037,36.282
-21.052,-17.64,-14.574,25.023,20.976,15.8,-25.283,-22.611,-18.267,27.777,21.967,18.304,-25.482,-21.629,-18.78,26.278,23.767,19.109,-32.742,-25.315,-21.509,33.519,26.232,22.151,-20.408,-17.419,-14.12,21.921,19.605,16.953,-28.462,-24.086,-19.93,29.176,24.435,19.882,-24.736,-19.431,-16.356,24.246,20.91,18.538,-29.444,-23.248,-20.52,31.116,25.719,20.754,-45.505,-37.62,-30.113,48.861,40.505,32.03
-22.889,-18.221,-14.941,23.604,19.203,15.645,-27.593,-21.976,-17.898,27.082,24.203,20.355,-27.192,-22.097,-17.967,27.099,23.186,18.964,-31.677,-25.125,-20.763,36.34,30.806,25.77,-22.932,-19.211,-15.303,23.568,19.576,15.926,-27.84,-21.632,-18.287,29.305,24.123,20.994,-23.332,-19.466,-15.843,23.392,19.729,17.194,-36.821,-29.811,-24.727,35.189,29.751,23.013,-40.774,-34.315,-29.12,49.434,38.536,31.852
-19.221,-16.826,-13.509,22.768,19.06,15.992,-25.213,-21.31,-16.384,31.561,23.392,18.069,-24.405,-21.84,-17.835,28.709,22.31,18.386,-29.224,-24.809,-21.963,30.279,27.157,22.334,-29.301,-23.668,-19.277,26.783,22.394,18.852,-28.436,-24.072,-19.618,29.241,23.218,19.953,-25.495,-20.797,-16.647,23.777,20.335,17.87,-54.078,-40.014,-33.677,50.623,41.772,35.245,-60.143,-52.932,-42.454,70.713,57.579,47.293
-23.839,-19.979,-16.367,25.38,19.78,16.557,-30.505,-23.314,-19.601,28.511,23.802,20.691,-31.354,-23.266,-19.867,25.649,21.991,17.762,-29.7,-27.055,-22.186,33.949,25.837,20.805,-37.76,-29.8,-26.286,37.723,28.528,23.948,-31.355,-24.86,-20.944,32.656,26.654,22.287,-32.721,-26.962,-23.389,35.893,30.063,23.427,-79.05,-68.263,-56.731,77.519,67.201,56.927,-96.354,-82.827,-60.671,79.934,70.184,55.876
-30.093,-24.548,-19.052,27.098,21.926,17.847,-32.142,-25.566,-21.494,30.032,22.92,19.937,-28.411,-24.41,-20.087,31.799,23.964,19.98,-34.745,-29.375,-23.404,35.92,29.469,24.855,-36.268,-30.794,-23.844,42.291,31.27,25.259,-34.056,-27.892,-22.165,30.287,24.483,19.496,-33.631,-28.258,-22.921,36.237,27.516,23.523,-72.411,-61.117,-49.708,62.136,55.297,45.914,-78.279,-64.867,-53.284,86.713,64.995,57.208
-28.013,-23.24,-19.743,26.466,21.504,16.953,-31.504,-25.563,-20.516,30.785,26.372,21.647,-29.83,-23.798,-19.846,29.821,23.537,19.324,-37.012,-28.354,-23.919,37.43,29.061,24.022,-36.387,-29.119,-23.864,32.49,27.526,23.898,-29.96,-23.799,-20.411,33.488,28.434,22.717,-33.39,-28.17,-23.422,33.031,28.264,23.262,-76.664,-61.58,-49.025,72.481,61.196,50.407,-79.417,-62.898,-52.24,82.565,64.815,50.662
-23.535,-20.476,-16.281,23.557,19.997,17.072,-31.518,-25.176,-21.985,33.304,26.059,20.738,-29.394,-23.71,-19.698,29.068,24.821,20.266,-30.807,-25.322,-20.771,39.499,28.763,23.412,-33.148,-26.707,-22.665,33.341,26.653,21.473,-35.016,-27.228,-22.119,30.579,25.044,20.094,-29.384,-24.114,-19.79,30.643,24.541,21.198,-73.774,-55.876,-43.407,65.144,52.62,41.949,-74.705,-59.586,-49.218,69.786,60.188,48.837
-24.789,-21.517,-17.214,27.29,21.802,16.628,-31.853,-25.134,-20.692,29.171,24.349,19.322,-26.583,-21.744,-17.859,26.651,21.15,17.508,-36.662,-27.331,-22.755,32.605,25.627,19.551,-33.698,-26.883,-21.583,33.16,25.159,21.043,-30.942,-25.042,-20.973,33.733,27.002,20.898,-30.834,-25.102,-19.42,32.125,26.419,21.702,-57.876,-47.822,-38.263,52.287,43.887,34.7,-64.958,-53.683,-46.357,65.553,54.847,45.785
-24.363,-20.526,-16.77,23.72,20.045,15.997,-29.601,-24.025,-18.466,29.281,23.962,18.554,-24.951,-20.358,-17.525,22.98,21.07,17.334,-30.546,-25.53,-19.743,32.386,25.951,21.294,-27.502,-24.64,-20.934,28.665,23.337,18.966,-32.313,-26.388,-21.903,29.897,24.878,21.17,-29.836,-25.161,-20.704,30.618,23.331,19.617,-55.071,-45.563,-36.377,48.465,40.791,32.043,-63.234,-52.678,-43.012,64.093,51.488,43.418
-23.092,-18.197,-15.795,24.527,19.035,16.267,-27.866,-24.461,-19.579,28.501,24.032,17.989,-29.687,-23.009,-19.105,29.226,24.922,19.754,-35.834,-28.514,-22.018,30.477,25.468,20.682,-26.877,-21.352,-17.888,28.214,24.468,19.351,-30.452,-24.465,-20.347,27.93,24.001,20.491,-28.247,-23.675,-18.485,27.718,22.966,17.793,-45.184,-37.654,-30.155,56.366,40.47,31.872,-64.031,-54.273,-44.811,61.989,50.275,42.862
-20.258,-16.783,-14.754,19.546,15.461,13.049,-25.084,-22.299,-17.676,23.501,19.307,16.393,-27.136,-21.921,-17.254,28.892,22.824,19.077,-30.166,-25.291,-20.611,32.884,26.201,21.068,-28.176,-22.722,-17.485,22.519,17.459,14.379,-26.923,-23.426,-19.213,27.919,22.204,17.157,-27.52,-22.834,-17.734,25.21,21.612,16.855,-43.84,-34.884,-27.327,42.885,32.522,26.425,-56.018,-47.694,-40.854,62.622,53.28,42.927
-18.39,-15.497,-13.266,20.622,15.688,12.373,-24.302,-18.546,-15.105,26.767,21.635,17.595,-25.192,-21.042,-17.633,28.178,22.517,19.348,-34.137,-28.692,-21.454,33.779,26.124,21.044,-27.242,-21.547,-17.775,22.891,19.112,15.933,-25.312,-22.152,-18.327,23.788,19.804,16.629,-24.674,-20.165,-17.095,24.383,20.706,17.702,-44.57,-33.427,-27.772,44.487,35.374,29.849,-59.665,-48.069,-39.05,51.655,46.641,39.694
-19.221,-15.027,-12.626,18.469,15.6,12.719,-21.114,-18.502,-15.415,22.782,18.091,14.71,-23.902,-19.816,-15.865,25.718,19.043,15.844,-32.103,-26.46,-21.668,29.425,23.556,20.042,-24.207,-19.843,-16.544,25.537,20.161,16.519,-27.656,-23.325,-18.873,24.785,20.281,16.606,-23.547,-19.104,-16.709,24.084,20.594,15.705,-44.796,-36.714,-28.836,45.646,35.245,25.87,-54.26,-46.417,-38.15,53.551,43.804,35.233
-19.956,-15.745,-13.411,21.831,17.16,13.901,-24.114,-19.885,-16.073,23.68,19.267,15.606,-24.117,-19.673,-16.418,28.777,22.755,17.388,-28.582,-22.374,-19.072,29.798,25.097,19.565,-25.359,-19.47,-15.94,22.571,17.595,14.468,-31.441,-24.44,-19.185,30.68,25.835,21.312,-21.729,-19.586,-15.037,23.489,17.738,14.859,-49.987,-37.394,-30.646,55.584,44.94,33.945,-57.271,-45.315,-37.502,52.953,47.517,36.144
-18.817,-13.93,-12.13,17.961,15.365,12.401,-20.244,-16.793,-13.532,20.599,17.714,14.773,-23.679,-19.234,-15.464,26.415,21.454,16.749,-28.001,-22.491,-18.595,30.133,23.141,18.647,-24.561,-19.128,-15.846,22.693,18.891,14.897,-30.07,-24.225,-18.555,30.044,24.976,20.239,-18.264,-15.874,-14.049,21.038,18.03,14.908,-53.884,-47.798,-40.044,60.088,47.313,39.654,-52.01,-39.802,-31.062,44.358,36.548,31.357
-17.795,-12.341,-10.51,17.361,13.817,11.56,-20.278,-16.812,-13.194,19.888,17.661,14.541,-23.007,-19.374,-15.587,26.638,20.965,16.08,-26.627,-20.229,-16.307,26.889,23.101,20.085,-20.605,-16.738,-13.788,19.458,15.727,13.087,-31.006,-24.408,-19.303,30.383,25.391,21.217,-22.32,-18.565,-14.996,21.559,18.262,15.105,-53.096,-40.63,-33.278,63.29,45.809,37.769,-38.768,-33.15,-26.764,36.078,31.06,25.4
-16.118,-13.877,-11.465,16.628,14.584,12.731,-20.601,-17.47,-14.154,22.872,18.111,14.699,-27.847,-21.646,-17.869,31.234,26.42,21.578,-33.084,-24.904,-18.816,30.297,24.796,21.675,-17.845,-14.856,-11.733,19.665,16.418,13.206,-26.912,-21.163,-17.436,29.95,25.849,21.01,-18.568,-14.687,-12.963,21.855,18.246,14.428,-48.669,-41.104,-34.099,50.081,38.07,32.722,-38.062,-31.376,-25.308,38.026,29.879,24.194
-21.073,-17.588,-13.765,22.644,18.028,14.789,-22.39,-19.221,-15.792,28.708,22.903,19.608,-29.412,-22.815,-19.372,28.194,23.049,19.521,-26.959,-21.299,-17.662,27.88,23.683,19.536,-21.623,-17.562,-14.489,23.353,18.139,14.941,-28.688,-24.223,-18.433,31.847,25.345,20.419,-23.238,-18.007,-13.733,24.814,20.028,16.663,-52.722,-39.738,-33.087,51.316,39.103,31.222,-32.56,-27.909,-22.363,39.208,28.445,22.584
-19.843,-15.836,-13.332,20.49,16.334,13.782,-25.289,-20.378,-17.564,25.917,21.095,18.148,-26.26,-20.768,-17.726,25.098,20.903,17.514,-30.542,-22.56,-17.759,27.615,23.578,19.333,-21.702,-18.127,-15.354,23.442,19.4,16.966,-28.697,-23.219,-18.088,30.77,25.15,21.259,-19.726,-16.594,-13.169,24.504,18.514,14.207,-41.562,-37.103,-31.071,46.489,38.379,30.723,-35.377,-30.057,-25.802,39.335,32.745,25.569
-21.923,-17.641,-13.817,24.538,20.978,17.001,-25.043,-19.95,-17.286,26.143,21.064,17.646,-28.735,-23.121,-18.703,28.269,24.271,20.358,-23.241,-19.898,-18.017,30.763,25.639,22.333,-23.457,-19.877,-15.83,29.26,24.129,19.344,-32.018,-25.586,-20.977,31.138,25.657,21.844,-23.838,-19.462,-16.165,27.837,23.34,18.925,-44.637,-38.118,-30.2,51.961,41.818,35.612,-46.801,-39.25,-30.929,42.246,35.248,30.121
-21.001,-15.57,-12.666,22.907,19.58,16.782,-25.393,-20.209,-16.474,29.469,23.633,18.57,-25.926,-20.589,-16.206,28.061,23.413,19.347,-28.669,-24.545,-19.463,29.246,24.282,21.921,-23.495,-18.552,-14.859,26.866,22.261,18.259,-26.531,-18.996,-16.294,30.662,26.555,21.846,-21.385,-18.015,-15.217,28.403,21.484,18.247,-43.451,-31.871,-24.318,41.659,33.71,27.674,-35.335,-30.25,-25.09,44.121,36.274,30.08
-20.668,-17.306,-14.311,21.389,18.638,14.924,-24.412,-19.621,-15.356,25.962,21.699,18.062,-25.605,-22.132,-18.113,26.214,21.749,16.774,-25.011,-21.797,-17.379,29.423,24.897,21.005,-24.473,-19.321,-15.684,24.406,21.563,17.846,-27.426,-20.067,-16.938,29.067,25.135,21.173,-23.652,-20.731,-16.812,26.424,23.788,18.575,-36.376,-26.906,-20.38,37.17,27.377,21.499,-36.77,-30.708,-26.583,37.941,30.389,24.123
-21.045,-16.891,-13.764,26.275,19.882,16.745,-24.517,-17.955,-14.281,27.045,22.821,18.58,-23.957,-20.971,-17.057,28.487,23.865,19.697,-26.739,-22.151,-18.74,33.94,24.61,21.236,-21.091,-17.287,-14.552,24.912,21.067,17.907,-28.787,-24.702,-19.871,29.998,26.452,22.871,-27.336,-22.396,-17.023,26.699,22.506,18.124,-34.353,-25.917,-20.025,31.299,25.326,20.044,-33.663,-27.282,-22.018,35.129,29.327,23.92
-18.921,-15.046,-12.069,23.261,19.04,16.561,-25.666,-18.349,-15.335,26.591,21.388,17.766,-26.011,-20.399,-17.349,26.502,22.859,18.996,-26.586,-20.888,-17.783,27.528,22.333,18.872,-22.854,-18.243,-13.468,25.816,21.48,17.627,-28.77,-22.287,-17.682,29.529,25.731,21.843,-22.06,-18.745,-14.319,26.422,22.694,18.791,-29.689,-22.981,-17.884,31.012,26.822,20.942,-29.797,-23.612,-19.362,36.573,26.967,21.302
-18.603,-15.551,-12.032,21.941,19.046,15.254,-21.873,-18.087,-14.823,25.863,22.624,18.071,-26.616,-20.926,-16.669,28.952,24.211,20.239,-29.231,-23.601,-19.346,29.016,25.123,22.397,-23.615,-18.245,-14.504,27.412,21.957,18.767,-24.183,-19.999,-16.353,29.95,26.593,21.141,-23.093,-16.896,-13.324,26.974,21.538,19.002,-29.548,-23.151,-18.429,34.253,29.589,22.686,-30.168,-22.842,-18.374,33.463,26.57,21.079
-18.779,-16.245,-11.923,24.898,19.324,16.628,-20.248,-16.292,-12.811,23.005,19.893,16.824,-25.355,-20.966,-17.112,34.467,25.051,21.045,-29.849,-23.593,-17.187,31.234,26.09,23.106,-23.998,-20.103,-16.364,27.451,22.66,19.27,-26.764,-20.041,-16.094,29.353,24.697,21.423,-22.886,-16.554,-13.13,27.653,23.185,19.212,-30.306,-25.331,-19.791,36.462,28.119,23.486,-30.51,-25.425,-19.768,34.788,27.668,22.805
-17.165,-14.017,-12.149,23.368,20.438,17.835,-19.228,-14.439,-12.305,25.108,21.141,18.056,-22.964,-20.637,-16.017,27.035,23.325,20.102,-28.368,-23.172,-18.056,32.073,26.838,21.393,-21.257,-18.587,-14.633,29.104,22.693,18.799,-28.465,-20.072,-15.811,28.381,24.662,19.618,-22.492,-16.912,-13.326,22.595,20.928,16.956,-31.202,-24.255,-18.508,28.039,22.849,19.265,-30.435,-24.192,-17.757,28.813,25.004,20.974
-18.216,-14.629,-11.986,26.141,20.635,17.345,-19.631,-15.834,-12.957,27.332,20.154,17.746,-23.393,-17.632,-13.546,29.16,22.647,19.594,-26.853,-21.217,-17.819,28.081,23.226,19.953,-21.602,-16.874,-14.55,27.099,24.387,20.159,-22.4,-17.658,-12.423,28.811,23.659,20.235,-20.028,-15.113,-12.57,27.759,22.827,19.466,-25.717,-19.936,-16.825,30.393,25.041,18.074,-27.355,-21.785,-18.077,29.08,24.533,21.522
-15.94,-12.763,-10.869,22.177,19.45,16.436,-19.65,-15.054,-12.295,23.689,20.959,17.607,-22.093,-17.78,-14.067,25.975,22.107,19.183,-25.505,-20.889,-16.715,28.779,25.672,21.146,-20.016,-16.463,-13.302,29.087,21.836,18.59,-21.179,-18.222,-14.315,30.055,22.235,19.365,-18.182,-13.626,-11.066,23.318,20.291,17.528,-22.791,-17.251,-11.762,30.908,22.003,17.113,-28.701,-22.706,-18.328,32.159,25.872,20.599
-16.563,-15.295,-13.168,22.285,19.129,15.792,-18.149,-14.833,-11.435,24.108,20.668,17.387,-41.736,-37.819,-32.152,50.368,44.174,35.805,-37.633,-32.929,-27.087,43.574,37.709,32.833,-27.15,-22.508,-17.96,30.965,25.205,20.662,-20.915,-17.445,-14.577,30.333,24.836,21.971,-30.246,-23.253,-18.122,35.053,28.751,22.846,-30.621,-23.779,-19.615,36.992,31.187,25.372,-48.612,-40.22,-32.155,53.239,44.282,36.434
-17.221,-13.428,-10.812,24.97,20.933,17.715,-18.198,-15.25,-12.231,24.869,20.891,17.688,-58.415,-45.99,-38.263,59.402,48.852,40.809,-55.334,-45.736,-36.805,61.42,50.697,42.048,-30.12,-25.225,-19.487,34.44,29.155,24.721,-28.88,-23.871,-18.99,36.33,28.242,24.089,-37.746,-30.024,-23.674,41.693,34.357,28.408,-29.428,-23.729,-17.7,35.849,28.27,23.573,-57.451,-39.785,-30.697,48.496,42.991,35.852
-17.9,-15.381,-12.338,27.311,21.911,18.487,-19.115,-15.908,-12.695,25.582,21.359,18.238,-54.165,-40.676,-32.499,54.527,44.606,37.185,-54.481,-45.395,-38.748,61.898,48.747,40.421,-30.018,-22.897,-19.252,31.682,24.776,21.1,-31.693,-25.454,-20.294,33.862,29.727,25.979,-39.983,-32.998,-26.459,43.808,34.629,29.025,-30.048,-24.962,-20.873,33.101,27.376,22.317,-49.092,-36.182,-28.488,46.277,39.415,30.45
-22.247,-16.488,-11.6,23.509,19.164,16.022,-19.787,-16.17,-13.244,26.486,21.438,18.882,-45.256,-37.466,-29.722,48.549,43.18,34.126,-52.498,-42.66,-33.879,55.728,46.268,37.708,-27.717,-21.067,-16.99,31.951,26.023,21.234,-28.969,-24.542,-19.658,37.348,32.152,26.515,-34.647,-27.856,-22.398,40.242,31.25,27.218,-30.031,-25.183,-19.27,32.309,27.725,22.381,-46.975,-39.044,-30.519,49.476,40.742,34.199
-21.72,-17.47,-12.991,25.112,20.909,17.594,-20.189,-17.027,-13.148,25.259,20.226,16.411,-40.717,-32.623,-26.342,47.869,37.198,32.542,-52.041,-38.746,-30.883,51.435,40.592,29.68,-21.787,-18.863,-15.44,28.581,25.258,21.105,-29.91,-25.217,-20.057,33.531,27.058,23.237,-35.605,-27.74,-22.678,39.167,34.363,26.498,-27.955,-22.438,-18.314,33.05,27.196,20.727,-42.518,-34.731,-29.112,47.15,39.668,34.051
-19.426,-15.842,-13.182,23.845,19.668,17.017,-21.324,-16.808,-13.322,24.766,20.811,17.582,-39.616,-34.467,-27.153,47.504,39.396,31.069,-43.022,-33.887,-26.986,45.498,38.066,32.271,-25.205,-20.814,-15.614,26.898,21.75,19.046,-24.664,-19.386,-16.088,30.909,26.307,23.072,-30.152,-23.839,-19.74,34.42,27.793,24.008,-28.593,-21.572,-18.674,33.383,25.736,19.633,-54.776,-41.785,-34.469,49.137,39.671,33.326
-18.405,-14.863,-11.759,22.882,20.255,16.338,-17.943,-15.673,-12.309,25.683,20.826,16.979,-37.072,-31.802,-25.789,47.868,39.436,32.416,-50.013,-37.926,-28.834,44.17,39.915,32.236,-23.565,-19.459,-15.314,27.559,23.275,19.26,-27.392,-21.602,-17.621,36.262,28.438,23.467,-31.381,-23.953,-19.056,35.667,28.635,23.442,-28.495,-24.22,-19.262,29.355,24.162,19.32,-45.479,-38.315,-30.611,51.674,42.734,33.168
-17.111,-14.669,-12.59,23.879,19.213,16.604,-19.954,-17.274,-14.783,22.753,19.262,16.118,-34.261,-26.136,-22.288,43.427,36.112,30.877,-39.498,-32.096,-25.17,41.66,35.626,29.409,-23.53,-18.57,-14.288,25.948,20.355,17.357,-25.363,-20.336,-16.867,33.577,26.876,22.495,-25.448,-20.75,-16.694,27.708,24.966,21.281,-29.878,-19.707,-14.602,28.727,23.566,19.034,-48.591,-36.646,-29.433,48.43,36.174,30.019
-18.033,-14.35,-11.616,24.268,18.88,16.002,-19.198,-14.747,-12.412,24.347,21.428,18.257,-37.593,-30.966,-25.448,39.02,32.465,26.617,-35.944,-29.914,-24.999,39.46,31.404,24.547,-20.806,-15.65,-12.864,26.933,21.261,17.468,-25.406,-23.336,-18.434,32.826,25.788,22.269,-24.906,-21.238,-15.631,31.539,24.561,20.252,-19.736,-16.451,-12.715,25.162,20.157,16.779,-45.131,-36.696,-27.364,37.649,31.336,25.208
-15.831,-13.27,-10.908,21.382,19.121,16.66,-19.594,-15.841,-12.305,23.837,19.611,16.92,-33.053,-28.023,-22.596,39.555,35.906,28.422,-33.698,-27.946,-22.274,35.981,30.305,23.983,-22.989,-15.306,-11.846,24.392,19.653,15.928,-26.823,-20.405,-17.465,29.318,24.362,21.402,-23.694,-18.331,-15.049,24.655,19.955,15.826,-22.944,-17.397,-13.955,25.18,19.676,16.503,-39.922,-34.802,-26.628,37.685,30.1,24.126
-16.06,-12.465,-9.4877,22.56,18.451,15.864,-16.141,-13.148,-11.213,22.544,19.403,16.255,-33.06,-24.94,-20.609,36.134,29.118,22.669,-28.23,-24.188,-20.061,34.955,28.675,24.486,-15.031,-11.28,-8.5459,19.206,15.482,13.154,-21.106,-17.661,-13.777,29.38,25.28,20.738,-17.623,-13.75,-10.784,22.609,18.553,15.319,-19.521,-15.327,-11.809,25.226,20.379,17.222,-36.394,-29.847,-25.113,40.12,34.213,28.656
-15.014,-12.72,-10.149,20.304,18.018,14.124,-19.106,-14.589,-11.224,21.78,19.336,15.856,-36.665,-26.486,-22.571,36.286,30.704,26.059,-37.206,-28,-21.779,41.299,33.972,27.805,-18.624,-15.794,-12.312,20.528,18.219,15.204,-19.968,-16.145,-12.649,26.024,21.688,18.949,-17.803,-13.393,-8.8453,23.197,18.818,15.27,-19.018,-16.291,-12.646,22.884,17.913,14.659,-41.46,-34.119,-28.781,41.731,34.539,29.694
-20.272,-14.616,-10.838,19.578,17.477,14.363,-20.28,-17.531,-13.836,23.931,20.271,17.026,-38.376,-29.569,-23.236,42.372,35.774,28.216,-36.193,-30.78,-23.906,35.101,30.022,25.06,-18.508,-14.838,-12.157,22.97,17.7,14.976,-24.98,-20.062,-16.314,29.803,25.44,19.942,-20.367,-15.642,-12.922,23.866,19.673,15.505,-22.873,-20.386,-15.769,23.748,20.426,17.149,-54.147,-47.243,-40.255,56.562,44.284,37.311
-17.03,-12.477,-10.351,22.297,17.261,14.728,-19.568,-16.043,-12.316,24.871,20.756,17.391,-33.503,-30.442,-23.308,37.495,29.878,26.534,-36.569,-27.694,-21.835,40.401,29.522,24.12,-16.938,-14.019,-10.746,20.861,18.053,15.501,-25.395,-19.557,-16.278,29.247,24.86,20.099,-21.658,-18.186,-14.994,24.221,20.191,17.307,-24.747,-20.257,-16.539,23.201,19.237,16.636,-75.113,-53.887,-43.836,63.415,51.674,45.98
-18.828,-14.687,-12.211,22.747,18.621,14.993,-20.601,-17.177,-13.703,25.128,21.772,17.919,-35.88,-30.235,-22.967,40.451,32.395,26.867,-31.777,-25.174,-20.951,38.359,32.515,26.241,-19.865,-15.485,-11.998,20.83,19.028,15.776,-28.997,-22.105,-16.934,30.192,25.995,22.705,-23.387,-16.79,-13.51,28.613,24.439,19.051,-23.208,-19.261,-15.8,27.356,21.322,18.572,-68.222,-55.362,-44.513,66.049,53.503,42.617
-16.441,-13.276,-11.129,21.454,18.013,15.189,-22.848,-18.951,-15.407,24.779,20.149,17.014,-33.146,-26.526,-21.668,35.827,31.199,25.633,-30.187,-25.359,-21.741,36.844,28.13,24.258,-17.348,-15.006,-11.772,22.204,18.026,16.116,-26.012,-21.327,-17.259,34.908,27.184,21.909,-24.611,-20.072,-15.044,28.818,22.092,18.967,-24.093,-19.91,-17.649,28.604,25.368,19.927,-64.693,-55.422,-46.161,73.051,57.491,46.938
-14.824,-12.229,-10.165,19.173,15.833,14.024,-18.923,-15.03,-13.062,22.649,20.005,16.932,-32.257,-27.959,-21.584,37.215,29.058,25.081,-29.372,-26.035,-20.089,33.834,27.536,22.842,-20.265,-16.388,-12.962,22.996,18.324,15.236,-23.802,-19.312,-15.739,30.229,26.073,21.593,-22.576,-18.134,-14.818,26.06,20.528,16.803,-22.154,-18.51,-15.637,27.068,21.532,18.772,-72.939,-55.704,-45.038,73.304,62.195,47.367
-17.113,-12.923,-9.7243,20.559,17.58,14.668,-20.553,-14.967,-12.135,26.237,22.704,18.356,-37.706,-28.818,-21.996,39.27,33.96,27.844,-30.988,-26.283,-20.161,40.095,31.393,24.848,-19.654,-14.327,-12.102,23.684,19.362,15.723,-24.222,-18.484,-14.676,29.724,24.468,21.181,-21.672,-17.619,-13.477,26.29,20.223,16.562,-24.39,-18.982,-14.258,27.85,20.918,16.409,-66.656,-53.215,-41.953,78.044,60.369,47.078
-15.403,-12.693,-10.31,21.831,17.249,14.648,-20.946,-17.065,-13.43,25.391,20.911,17.188,-38.123,-30.195,-23.346,41.008,31.571,24.792,-31.188,-26.621,-21.552,33.463,26.912,22.418,-19.538,-15.797,-12.16,22.46,19.242,16.226,-25.547,-21.284,-15.735,26.759,23.708,19.958,-24.199,-19.161,-15.73,26.525,20.339,17.109,-23.788,-19.447,-16.361,23.639,19.902,17.437,-64.269,-45.893,-39.397,57.088,47.497,37.023
-15.563,-12.196,-9.8029,18.959,16.422,13.798,-19.506,-15.878,-13.641,24.791,19.667,16.704,-31.14,-26.481,-22.933,36.42,29.48,25.518,-30.059,-24.114,-21.071,35.904,29.916,25.715,-16.213,-14.322,-12.021,21.737,16.837,14.605,-23.269,-17.836,-14.267,26.57,21.142,18.455,-21.616,-17.393,-14.588,24.329,19.629,16.399,-27.167,-19.634,-14.411,23.984,20.038,16.589,-54.395,-43.888,-34.76,50.519,42.081,35.706
-14.427,-12.128,-9.8677,17.6,15.381,12.488,-18.888,-15.204,-11.893,23.207,20.914,17.266,-34.637,-31.505,-23.959,36.083,30.554,25.399,-36.748,-26.262,-21.222,35.09,28.345,23.928,-15.984,-12.815,-10.526,20.658,17.182,13.574,-19.618,-16.716,-12.887,22.797,19.442,16.773,-22.074,-15.722,-12.043,21.776,18.553,16.131,-20.986,-17.227,-13.394,25.063,21.063,16.555,-46.214,-38.486,-30.438,52.147,44.602,36
-16.328,-13.228,-11.164,20.143,17.534,14.632,-17.997,-15.174,-12.367,22.991,18.784,15.667,-30.53,-24.574,-19.381,34.64,28.157,24.272,-31.903,-25.294,-20.085,29.953,26.222,22.893,-14.902,-12.504,-10.18,19.41,16.346,13.835,-19.553,-16.026,-13.133,24.112,21.229,17.89,-18.451,-14.316,-10.96,22.78,18.743,14.934,-17.466,-14.709,-11.265,20.674,17.233,14.539,-52.929,-39.755,-32.168,54.707,41.703,34.446
-15.017,-11.578,-9.4835,19.547,17.317,15.004,-18.914,-14.461,-11.482,19.986,16.45,13.871,-29.879,-23.43,-19.12,39.088,28.214,21.432,-26.315,-20.898,-18.078,33.023,27.045,22.716,-17.922,-12.799,-9.6767,18.513,15.629,12.951,-19.342,-14.495,-10.991,20.654,17.409,14.628,-16.998,-13.989,-11.492,22.214,16.787,13.79,-18.877,-14.122,-10.767,19.361,16.634,13.905,-47.23,-40.238,-30.639,47.331,40.376,32.381
-15.545,-12.58,-10.004,20.706,17.023,14.857,-18.383,-15.059,-11.942,21.994,18.48,15.251,-28.43,-21.769,-17.139,28.934,24.387,21.26,-24.958,-19.378,-15.233,30.761,26.081,20.977,-13.739,-11.115,-8.9208,18.469,16.133,13.291,-18.43,-14.861,-11.729,23.273,16.388,14.362,-17.379,-14.216,-10.731,20.206,16.463,13.357,-17.852,-13.729,-10.841,18.343,15.923,13.207,-47.248,-37.662,-30.914,48.817,41.542,33.106
-15.325,-12.998,-10.585,20.128,16.746,14.628,-17.862,-15.303,-11.528,21.657,17.6,15.286,-29.682,-21.729,-17.399,28.561,23.435,19.847,-25.355,-20.26,-16.345,25.699,21.252,17.537,-14.642,-11.826,-9.6091,17.482,15.021,12.118,-17.256,-14.508,-11.076,19.144,17.142,14.461,-15.836,-11.504,-8.8142,20.264,16.992,13.481,-14.612,-12.072,-10.198,17.96,15.972,12.813,-43.509,-35.954,-30.451,46.684,38.524,31.602
-17.493,-13.909,-11.508,23.059,19.532,16.888,-16.927,-13.849,-10.422,21.751,19.25,16.136,-26.322,-21.329,-17.423,32.569,25.55,21.594,-25.187,-20.536,-14.82,24.518,21.632,18.184,-17.65,-14.078,-10.437,22.66,18.201,15.055,-20.293,-15.733,-12.364,22.476,18.832,15.279,-15.459,-13.189,-10.599,22.347,19.259,15.757,-17.615,-13.38,-11.192,21.984,18.276,15.211,-48.223,-36.858,-27.98,48.04,39.645,30.907
-16.264,-13.441,-10.725,21.524,18.611,15.614,-18.216,-14.067,-11.04,20.992,17.956,14.729,-25.212,-19.921,-16.484,28.368,23.832,19.393,-27.018,-20.899,-16.239,27.693,22.545,19.402,-14.312,-10.804,-9.0583,20.226,16.347,14.113,-19.229,-16.38,-12.889,23.254,19.406,16.135,-16.927,-13.984,-11.514,21.329,17.233,13.72,-18.2,-14.767,-11.879,19.575,16.458,14.169,-39.246,-31.064,-26.394,43.013,34.116,26.064
-18.113,-14.968,-11.529,22.657,19.569,16.312,-16.197,-12.659,-10.18,20.134,16.771,14.008,-25.134,-20.073,-15.606,29.371,25.036,20.486,-24.111,-21.161,-16.427,26.838,22.703,19.792,-16.028,-12.354,-9.8912,21.01,15.903,13.372,-19.717,-16.293,-12.915,22.212,19.114,16.549,-15.828,-12.199,-9.8832,18.847,15.939,13.711,-17.996,-13.681,-10.953,20.298,16.854,14.297,-36.357,-30.688,-25.411,43.625,36.817,27.525
-17.275,-14.557,-11.791,23.523,18.986,15.789,-15.803,-12.873,-8.5616,20.823,16.625,14.127,-26.182,-20.318,-17.369,31.516,26.492,21.577,-23.534,-19.613,-16.124,29.403,24.076,20.123,-14.829,-10.836,-9.1125,19.822,16.77,14.202,-19.096,-15.565,-12.413,21.668,17.646,15.314,-14.514,-12.08,-9.8468,17.458,15.159,13.29,-19.553,-15.494,-12.326,20.837,17.268,14.729,-40.411,-32.629,-27.791,39.347,34.377,26.916
-16.16,-13.112,-10.442,21.45,18.79,15.572,-16.201,-12.492,-10.358,18.906,16.182,13.992,-21.918,-19.216,-15.714,32.188,24.561,19.666,-24.744,-19.586,-16.064,30.022,23.234,19.09,-16.36,-12.259,-10.127,19.157,17.066,14.539,-22.412,-18.959,-15.361,21.071,17.242,14.843,-16.528,-13.405,-11.391,21.799,18.348,14.945,-16.539,-13.493,-10.833,20.299,16.576,14.392,-40.319,-31.225,-25.739,40.27,32.133,26.016
-16.558,-13.357,-11,21.545,18.243,15.076,-15.657,-12.929,-10.19,17.876,14.782,12.951,-27.907,-19.844,-16.533,28.971,23.287,17.639,-22.752,-17.884,-13.884,24.009,19.693,16.637,-17.368,-13.733,-11.327,21.594,18.049,14.255,-19.212,-15.37,-12.555,23.128,19.234,16.382,-18.064,-14.377,-10.874,21.612,17.412,14.617,-16.376,-13.937,-11.079,18.757,15.514,13.139,-32.904,-27.956,-22.064,38.606,31.262,25.756
-17.585,-13.889,-11.011,23.595,20.181,16.618,-14.16,-11.971,-9.09,19.377,16.757,14.35,-22.815,-19.774,-15.815,28.994,24.434,20.476,-24.145,-18.826,-15.268,26.65,21.998,17.525,-17.184,-13.107,-10.186,19.654,17.065,13.734,-23.817,-17.883,-12.977,21.889,18.562,15.356,-15.831,-13.188,-10.084,21.46,16.859,14.35,-16.026,-13.27,-10.946,21.495,17.383,14.159,-33.583,-27.761,-22.39,38.136,30.118,24.191
-15.269,-13.16,-10.379,22.556,19.433,16.316,-15.081,-12.37,-9.9218,20.618,17.504,14.664,-25.902,-19.312,-16.587,31.322,24.054,20.775,-23.608,-18.931,-14.56,25.589,21.754,18.461,-15.563,-12.051,-9.6405,21.356,18.767,15.435,-20.291,-16.09,-12.288,24.304,20.761,17.431,-19.641,-14.384,-12.067,24.1,19.827,16.16,-16.67,-11.672,-9.8813,20.331,17.369,14.425,-31.256,-24.311,-19.315,35.791,29.39,24.395
-20.134,-14.344,-10.749,21.619,17.87,15.099,-15.533,-12.206,-9.4634,21.515,18.001,15.593,-24.243,-19.034,-16.106,30.962,24.824,19.892,-21.345,-16.882,-13.811,28.436,23.931,19.484,-16.268,-11.08,-8.9111,18.943,15.567,13.43,-18.07,-14.868,-12.214,22.601,19.941,16.432,-15.175,-12.074,-9.1296,19.272,16.784,14.256,-16.307,-12.983,-10.386,20.248,17.42,14.695,-30.827,-24.93,-18.958,39.078,31.881,23.645
-16.634,-13.813,-11.421,25.851,21.493,18.119,-16.132,-13.232,-10.95,21.199,18.513,15.629,-26.661,-21.697,-17.042,31.072,24.944,20.83,-30.579,-20.628,-16.359,27.485,22.355,18.771,-17.725,-14.494,-11.609,23.441,20.102,16.692,-23.633,-18.4,-13.986,24.42,20.29,17.215,-20.325,-16.651,-13.348,22.145,19.022,15.942,-16.612,-14.678,-11.207,20.364,17.446,14.812,-46.892,-33.776,-30.023,49.12,39.087,31.263
-17.291,-14.371,-12.222,25.048,19.622,16.523,-18.32,-15.292,-12.977,22.404,19.429,16.521,-30.044,-22.275,-17.121,26.469,23.192,18.102,-22.506,-17.445,-14.512,27.285,21.775,17.447,-20.982,-15.994,-12.301,23.018,17.775,15.371,-24.878,-18.843,-14.773,25.622,19.937,16.388,-22.475,-18.263,-14.727,25.087,21.619,17.863,-20.11,-15.692,-12.241,20.576,16.972,14.418,-43.954,-35.279,-30.108,46.231,36.573,29.94
-22.77,-16.279,-13.547,22.517,18.373,16.284,-23.858,-19.126,-15.894,27.538,20.898,17.795,-30.1,-23.942,-18.697,28.264,20.987,18.158,-24.392,-19.074,-15.953,32.511,24.308,19.354,-21.192,-16.751,-13.228,22.074,18.815,15.755,-24.034,-19.296,-14.653,23.806,19.567,16.829,-21.902,-17.728,-14.33,23.202,18.266,15.122,-18.221,-16.071,-12.805,21.679,17.392,14.385,-44.234,-34.456,-29.768,40.703,34.23,28.704
-32.659,-25.341,-19.761,34.359,27.379,23.183,-39.433,-33.189,-25.436,41.506,31.743,27.21,-38.859,-32.291,-26.101,40.621,31.519,26.39,-47.924,-38.78,-31.707,52.398,43.803,35.822,-29.259,-23.463,-19.024,29.645,26.874,23.172,-36.915,-29.471,-23.185,33.468,26.854,22.852,-32.012,-27.268,-20.319,41.508,32.59,26.343,-34.581,-29.616,-23.244,38.915,30.493,26.543,-39.756,-33.744,-29.663,41.058,32.756,26.617
-31.819,-26.827,-22.449,32.98,26.498,22.175,-41.987,-35.363,-29.737,40.941,34.283,27.558,-41.712,-34.367,-27.775,45.559,36.029,28.589,-47.37,-38.876,-32.381,48.23,38.024,32.757,-29.711,-24.94,-19.581,33.47,26.565,21.072,-36.615,-29.241,-23.804,37.931,31.976,25.491,-31.439,-26.19,-23.015,37.951,31.53,24.874,-45.055,-36.107,-28.917,50.128,37.534,30.491,-43.295,-35.416,-30.108,42.056,32.918,26.509
-35.063,-28.555,-23.231,32.576,27.221,22.368,-46.354,-38.369,-31.785,49.934,37.403,31.876,-43.01,-34.165,-29.23,42.349,36.828,29.809,-44.806,-34.193,-29.508,43.88,36.728,29.754,-35.776,-30.789,-23.787,33.302,29.047,24.534,-35.947,-28.19,-22.864,37.852,29.406,22.32,-43.123,-32.476,-24.563,44.683,36.284,30.225,-36.262,-30.05,-25.238,39.649,30.276,24.815,-39.059,-33.399,-28.432,39.438,31.836,26.093
-28.184,-23.773,-20.167,33.745,27.256,21.857,-40.818,-33.49,-26.121,41.97,36.788,29.673,-55.818,-46.159,-37.46,52.673,46.039,38.2,-52.27,-42.233,-34.469,56.693,45.138,37.109,-34.702,-27.066,-21.826,36.105,29.276,23.972,-31.852,-27.986,-23.22,38.949,30.509,24.929,-35.874,-26.86,-21.71,40.913,34.037,28.481,-34.481,-27.136,-22.973,38.674,31.686,25.694,-42.588,-34.021,-26.256,38.734,30.356,26.023
-28.696,-22.505,-18.831,34.221,26.003,21.017,-45.822,-30.765,-25.221,43.14,36.348,28.736,-46.752,-37.88,-30.049,48.473,39.889,32.573,-51.869,-39.629,-30.602,49.981,40.463,33.21,-32.45,-27.887,-22.537,34.823,31.139,24.67,-32.256,-27.33,-23.798,36.521,29.088,23.712,-39.853,-29.369,-22.523,38.122,29.694,24.452,-37.741,-29.665,-23.063,34.583,27.964,24.122,-44.166,-37.385,-29.63,38.833,31.751,27.1
-28.369,-23.35,-19.092,29.809,25.781,19.479,-34.68,-29.126,-23.851,39.852,33.307,26.78,-43.844,-36.654,-30.855,41.279,36.461,29.827,-38.537,-34.516,-28.8,53.642,39.372,30.97,-31.112,-25.021,-20.976,30.089,24.403,20.851,-35.343,-27.502,-22.79,29.921,25.643,21.957,-32.064,-26.478,-21.433,32.315,28.836,23.744,-31.352,-26.846,-22.056,32.091,26.345,20.155,-38.869,-31.803,-26.671,42.233,30.968,26.355
-25.661,-23.012,-18.519,27.749,22.397,19.549,-33.86,-28.388,-23.853,38.513,28.736,23.991,-43.498,-33.891,-28.007,40.101,33.571,26.171,-39.895,-30.872,-25.735,40.831,34.32,28.38,-30.237,-24.576,-18.883,28.87,22.882,17.998,-31.918,-25.533,-20.67,32.075,25.168,20.797,-34.675,-24.672,-20.348,27.401,23.648,19.728,-28.607,-22.8,-18.582,31.02,25.57,21.111,-40.321,-33.995,-27.547,37.967,31.238,24.606
-35.511,-28.651,-24.589,38.101,32.398,28.034,-39.327,-29.141,-24.099,39.009,29.707,25.752,-42.762,-36.072,-28.631,43.152,37.007,31.069,-48.703,-35.773,-31.471,51.096,39.167,32.701,-32.873,-25.153,-22.098,32.195,25.002,19.779,-33.68,-26.588,-21.021,33.016,27.098,22.806,-38.033,-29.072,-22.405,35.014,28.81,23.842,-33.867,-28.054,-21.367,28.236,24.487,20.833,-38.681,-33.102,-26.134,38.263,32.914,28.136
-29.969,-24.715,-19.739,34.474,28.035,24.372,-38.794,-31.313,-24.026,36.167,30.258,25.014,-49.237,-37.464,-30.548,45.853,36.19,30.509,-46.595,-35.43,-27.232,45.542,37.419,31.046,-30.67,-24.665,-20.951,31.353,25.67,20.856,-31.922,-27.163,-22.134,32.014,27.163,22.235,-31.645,-26.633,-20.834,33.862,28.896,23.895,-27.402,-23.314,-19.188,29.91,23.087,20.275,-37.94,-31.775,-27.964,35.87,29.08,22.903
-33.977,-25.623,-20.52,29.459,24.753,20.327,-29.955,-23.463,-19.756,37.025,29.769,24.224,-39.642,-34.113,-26.896,39.406,32.328,26.196,-44.55,-31.33,-25.983,42.002,33.404,27.963,-28.095,-23.468,-18.229,32.269,26.366,21.27,-30.793,-24.086,-19.256,34.448,25.445,21.092,-32.726,-25.268,-19.836,34.406,27.341,23.273,-26.802,-22.154,-18.208,27.262,22.649,18.601,-44.828,-31.114,-25.49,32.397,26.596,21.114
-28.14,-22.96,-18.072,31.35,25.253,20.07,-28.063,-20.765,-17.103,33.796,26.719,21.432,-34.928,-29.092,-24.671,41.823,35.245,26.572,-37.05,-30.478,-24.899,39.436,32.186,25.598,-23.862,-19.679,-16.528,29.129,22.264,18.666,-27.282,-21.851,-17.996,34.19,25.546,20.892,-29.052,-22.162,-17.997,29.213,24.593,20.384,-29.954,-24.383,-19.179,28.317,23.256,18.868,-38.385,-32.842,-27.796,47.396,36.931,28.69
-23.88,-20.186,-16.728,29.102,24.396,19.083,-24.496,-21.361,-17.534,28.695,23.062,18.652,-33.168,-25.616,-21.117,33.14,27.16,22.335,-29.38,-24.426,-19.673,34.256,27.533,21.599,-21.899,-15.743,-12.772,25.753,20.613,17.648,-24.36,-17.046,-14.345,31.653,22.7,18.773,-23.399,-19.301,-16.198,32.393,23.242,18.336,-25.961,-22.006,-17.289,26.379,22.128,18.125,-46.605,-40.884,-34.925,49.88,40.746,30.885
-25.667,-19.266,-15.766,27.931,24.498,20.273,-24.493,-19.347,-15.057,29.265,23.938,20.649,-30.873,-25.985,-20.008,33.929,28.895,23.294,-34.035,-26.301,-21.435,39.095,31.866,25.583,-22.218,-18.042,-14.318,26.337,21.388,17.097,-24.291,-20.56,-16.383,25.068,21.742,19.149,-24.304,-17.254,-14.179,26.535,23.157,19.496,-25.761,-19.586,-15.339,27.505,22.906,18.609,-44.305,-38.317,-32.299,46.557,39.077,31.163
-19.921,-16.984,-13.409,26.226,20.865,16.941,-26.475,-18.601,-14.893,27.985,24.394,19.399,-28.256,-22.138,-18.162,30.953,26.404,21.887,-30.799,-26.197,-20.946,34.519,29.456,22.002,-18.654,-14.891,-12.401,24.004,20.627,17.013,-21.404,-16.895,-13.974,21.571,17.817,15.164,-21.087,-16.45,-13.571,24.84,21.01,16.52,-21.768,-18.403,-14.547,24.347,19.208,16.074,-44.226,-35.972,-29.016,41.009,33.668,27.138
-19.885,-15.724,-12.779,25.366,20.848,17.199,-23.137,-18.255,-13.505,27.196,21.968,18.032,-30.506,-23.777,-17.75,28.85,23.629,19.271,-26.804,-19.893,-15.703,32.899,27.418,21.488,-13.387,-10.46,-8.3631,22.717,17.552,13.343,-18.123,-14.684,-11.973,22.008,18.065,14.287,-15.528,-11.836,-9.1725,20.567,17.474,13.531,-20.31,-16.384,-13.225,27.143,20.907,18.159,-39.062,-34.717,-29.695,41.92,35.057,27.519
-20.066,-16.427,-12.796,23.51,19.349,16.846,-25.201,-19.228,-13.83,24.28,21.513,17.974,-27.011,-20.754,-16.585,29,24.058,20.47,-26.559,-22.701,-17.745,35.443,22.867,19.274,-18.876,-14.221,-11.26,21.29,18.055,15.878,-20.891,-17.686,-13.204,25.401,19.315,15.098,-22.22,-17.3,-13.61,26.203,19.814,17.285,-21.12,-15.708,-11.398,25.422,20.466,17.086,-41.747,-34.309,-28.747,38.02,32.424,25.899
-21.088,-18.11,-14.16,22.386,19.673,16.393,-22.087,-16.431,-12.762,27.743,22.476,17.771,-25.69,-19.806,-14.24,25.771,22.193,18.136,-24.362,-20.082,-16.588,32.498,24.656,19.632,-18.23,-14.92,-11.825,24.559,19.954,16.211,-20.194,-16.224,-12.649,22.797,18.176,15.25,-19.033,-15.493,-12.222,21.705,18.07,15.281,-20.88,-17.569,-13.192,25.456,21.524,17.991,-44.35,-35.723,-28.917,32.346,28.284,24.257
-22.076,-15.891,-12.103,23.833,20.291,17.265,-18.635,-14.497,-11.577,23.168,19.43,15.686,-25.281,-20.119,-15.583,28.024,22.103,17.129,-23.886,-18.478,-14.558,28.011,23.242,19.174,-18.079,-14.449,-11.025,21.886,17.224,14.67,-20.195,-18.202,-13.482,20.565,17.706,14.289,-19.674,-14.058,-11.172,22.739,17.956,15.238,-25.749,-18.287,-15.081,25.571,21.891,17.505,-39.809,-33.805,-26.767,37.549,29.283,24.477
-21.354,-15.381,-12.068,23.803,19.609,16.228,-16.395,-13.496,-10.132,23.048,18.719,15.654,-20.128,-17.13,-13.847,26.727,21.838,16.963,-21.914,-17.186,-13.846,24.404,19.653,16.316,-17.067,-14.548,-10.739,21.968,17.105,14.39,-18.776,-14.196,-11.442,23.089,19.027,15.637,-20.026,-15.322,-11.503,21.74,17.052,14.051,-22.572,-18.569,-13.912,25.15,19.94,15.969,-40.741,-32.857,-26.948,38.739,30.823,24.461
-23.311,-17.874,-14.886,27.717,21.045,18.168,-27.225,-20.987,-16.288,27.995,21.727,18.602,-25.303,-21.406,-18.148,33.208,25.332,20.441,-29.442,-24.055,-17.757,28.615,24.127,20.36,-21.383,-17.255,-14.237,25.337,20.426,16.78,-21.418,-18.311,-14.19,23.847,18.728,15.893,-21.609,-16.921,-13.819,24.385,20.262,16.44,-21.164,-17.022,-14.378,23.953,20.668,15.341,-38.831,-32.673,-27.081,40.854,32.311,26.455
-22.893,-17.104,-14.096,25.175,21.414,17.318,-24.546,-20.209,-15.965,26.025,22.176,17.265,-27.631,-20.885,-16.504,29.343,23.347,18.797,-26.585,-21.955,-17.966,30.085,23.304,19.306,-22.104,-17.607,-14.63,25.325,20.43,16.719,-20.075,-17.783,-14.603,23.53,19.328,16.068,-23.321,-18.091,-14.478,23.849,19.33,15.898,-23.28,-19.784,-16.308,21.775,18.35,15.083,-37.595,-29.263,-24.903,36.485,29.729,24.729
-23.699,-18.273,-14.795,22.616,17.343,14.997,-23.471,-18.487,-14.74,25.96,21.044,17.327,-22.046,-18.679,-14.776,27.266,22.523,18.657,-27.268,-19.527,-15.066,26.048,21.385,17.606,-20.672,-15.713,-12.776,21.775,18.262,15.068,-18.424,-15.382,-12.362,21.33,17.01,14.582,-20.063,-17.13,-14.468,23.094,19.932,16.635,-23.664,-18.346,-15.196,24.773,20.643,17.421,-39.137,-32.036,-24.144,35.318,30.24,24.713
-23.221,-17.845,-14.708,23.388,20.847,17.391,-20.328,-16.316,-13.648,24.321,19.726,16.035,-26.633,-21.229,-16.513,27.82,20.594,17.211,-25.446,-22.308,-16.95,25.247,22.174,17.843,-19.128,-15.025,-12.316,19.775,16.597,14.349,-21.446,-16.514,-12.288,24.086,17.565,14.21,-19.335,-16.569,-13.459,22.422,17.211,14.429,-20.625,-17.086,-14.338,25.066,20.009,16.983,-37.149,-32.667,-26.914,41.707,34.904,27.592
-22.743,-17.775,-14.453,28.087,21.51,17.487,-21.359,-16.473,-12.742,23.816,19.722,16.709,-24.903,-20.495,-15.845,27.455,22.544,18.623,-23.935,-19.432,-15.95,25.502,20.936,17.018,-20.762,-17.388,-14.083,24.042,20.172,17.154,-18.799,-15.535,-12.849,21.764,18.694,16.166,-18.75,-15.796,-13.719,24.759,21.214,16.397,-26.445,-20.347,-16.518,23.06,20.243,16.027,-32.356,-26.253,-22.159,36.006,27.698,23.139
-22.766,-19.336,-13.626,24.919,20.103,17.314,-17.737,-13.997,-11.181,25.761,16.801,14.373,-21.606,-17.615,-15.57,28.594,21.42,17.355,-23.296,-19.804,-15.427,23.629,19.964,15.693,-20.024,-15.979,-12.8,21.105,16.812,14.378,-21.06,-16.752,-12.934,20.567,18.095,14.295,-19.779,-16.017,-12.728,20.679,16.641,13.837,-23.023,-19.531,-15.126,23.692,19.389,15.399,-34.129,-28.606,-23.99,35.383,26.529,20.981
-20.851,-17.034,-13.329,22.427,17.363,14.545,-16.355,-13.474,-11.608,20.868,18.026,14.455,-19.242,-15.777,-13.332,26.308,20.019,15.973,-21.515,-16.344,-13.44,25.091,21.74,16.966,-20.585,-15.858,-12.81,21.283,16.926,15.184,-17.366,-14.369,-11.401,21.242,16.667,13.78,-21.756,-16.269,-12.63,19.955,16.649,13.942,-20.356,-16.54,-13.276,20.119,17.589,14.577,-41.875,-33.974,-26.352,37.239,31.224,25.252
-19.451,-15.954,-13.186,22.765,18.47,14.823,-17.078,-13.633,-10.48,22.062,18.069,15.114,-19.377,-15.454,-12.419,23.856,19.705,16.611,-22.985,-18.711,-15.273,26.179,22.989,17.896,-19.58,-16.713,-12.934,21.848,18.612,15.681,-15.285,-13.043,-11.2,19.568,15.888,13.521,-17.31,-13.843,-11.296,21.601,17.384,14.766,-18.771,-15.185,-12.197,18.409,16.782,13.97,-34.721,-29.018,-24.348,34.041,29.825,23.63
-19.208,-15.296,-12.248,21.404,17.202,14.53,-17.261,-13.417,-10.934,18.239,16.262,13.725,-19.858,-16.209,-11.929,19.644,15.97,13.96,-18.954,-15.561,-12.077,24.894,20.565,15.336,-20.774,-15.626,-12.532,22.109,17.561,13.647,-20.231,-15.411,-12.504,19.936,16.55,13.276,-19.122,-16.236,-12.955,22.932,18.743,16.001,-17.971,-14.875,-11.297,20.454,16.742,13.101,-35.453,-29.133,-23.436,34.879,28.447,22.877
-17.248,-13.767,-11.441,21.137,16.931,14.082,-19.863,-15.052,-11.878,24.534,19.98,15.917,-23.728,-19.121,-14.592,26.446,21.525,18.372,-20.581,-17.305,-13.807,26.631,20.471,17.652,-18.362,-13.756,-10.902,22.356,18.777,14.305,-17.578,-14.875,-11.666,22.488,18.206,14.742,-20.334,-15.683,-12.508,22.766,18.307,14.493,-20.605,-16.6,-11.984,23.333,18.6,15.62,-35.396,-28.935,-23.437,31.047,25.184,20.18
-21.099,-16.206,-11.918,22.359,17.694,15.106,-17.722,-14.082,-10.296,22.521,18.249,14.178,-24.212,-17.358,-13.839,22.014,18.281,15.632,-19.43,-14.65,-11.713,22.895,19.301,15.904,-20.063,-14.555,-11.409,20.805,17.971,14.296,-19.14,-13.974,-11.711,22.378,20.256,16.779,-17.346,-13.316,-10.784,22.022,16.907,14.36,-24.432,-19.94,-16.073,22.787,19.47,16.319,-36.404,-30.16,-25.016,31.772,25.182,21.324
-23.291,-18.039,-14.107,25.052,19.54,15.915,-20.943,-16.181,-11.997,21.075,17.323,14.75,-24.337,-21.488,-16.283,25.259,21.175,17.666,-24.643,-20.96,-18.032,30.366,23.521,18.645,-19.963,-15.698,-12.172,20.292,17.975,14.397,-19.683,-16.005,-13.074,21.098,18.752,15.568,-18.557,-15.145,-12.613,22.789,18.504,15.387,-21.038,-17.928,-13.807,24.381,20.328,16.115,-39.203,-28.769,-23.011,30.524,26.317,22.163
-22.119,-18.993,-14.734,22.411,18.112,15.096,-19.516,-16.175,-13.296,23.683,20.011,15.485,-19.842,-17.33,-14.026,25.704,21.272,16.735,-24.738,-18.495,-15.706,27.241,23.163,17.114,-19.472,-14.357,-11.175,22.178,18.206,14.693,-20.34,-16.712,-13.548,22.2,19.084,14.73,-20.593,-16.679,-13.242,19.532,17.029,13.796,-20.317,-16.315,-13.689,22.667,17.519,14.234,-34.014,-29.034,-22.527,27.523,24.653,20.351
-21.677,-17.336,-14.552,23.61,18.688,14.448,-18.902,-15.076,-11.596,19.448,16.317,14.302,-22.469,-17.41,-14.028,25.996,20.041,16.08,-24.304,-19.579,-15.876,28.823,20.118,16.289,-20.262,-15.188,-11.753,18.993,15.914,13.713,-19.927,-15.711,-13.339,22.977,18.066,14.761,-19.05,-14.828,-12.124,19.225,15.941,13.457,-20.65,-15.243,-12.473,20.505,17.188,14.117,-29.041,-25.863,-22.412,27.784,21.859,18.926
-20.794,-16.895,-14.064,21.114,17.398,14.512,-17.974,-14.121,-11.368,18.468,15.547,12.601,-24.457,-17.709,-14.322,23.058,18.858,15.726,-25.265,-19.084,-14.394,24.397,18.855,15.455,-15.688,-13.731,-10.398,19.669,15.305,12.476,-17.732,-13.873,-10.784,20.361,16.805,14.066,-18.939,-14.387,-11,19.938,15.883,12.457,-24.438,-18.386,-13.274,24.53,17.209,14.263,-29.372,-24.612,-20.43,25.696,19.17,15.581
-22.125,-17.015,-13.762,19.747,17.66,14.669,-22.717,-17.522,-13.33,22.41,18.735,15.249,-22.752,-17.763,-14.692,23.638,19.892,16.436,-27.216,-19.953,-15.425,26.659,21.842,16.515,-19.068,-15.465,-12.939,23.214,17.623,14.317,-18.17,-14.934,-11.359,20.135,16.853,13.554,-17.541,-15.207,-12.314,23.436,20.216,15.671,-17.169,-13.709,-10.971,17.272,15.171,13.388,-28.813,-23.197,-19.346,27.346,20.024,16.034
-22.107,-19.614,-16.443,29.875,23.573,19.918,-18.131,-13.646,-10.686,20.223,16.591,13.778,-20.532,-14.999,-12.19,23.271,19.625,16.228,-24.579,-17.829,-13.938,25.509,19.791,16.765,-19.273,-16.591,-12.446,23.798,18.703,16.228,-21.298,-15.502,-12.23,21.059,17.266,14.225,-19.076,-15.443,-11.997,21.001,18.104,14.809,-19.064,-13.989,-10.724,18.85,14.972,12.477,-22.6,-18.737,-16.041,22.678,18.585,14.796
-23.792,-18.835,-14.245,28.903,22.45,17.805,-17.044,-12.529,-10.146,18.866,15.316,13.091,-21.289,-17.986,-13.948,19.955,16.452,14.25,-23.481,-17.198,-13.829,21.373,18.411,14.781,-18.33,-13.27,-10.726,21.463,16.535,13.123,-19.789,-15.966,-12.053,20.727,17.033,14.049,-17.432,-14.71,-11.249,20.777,17.23,14.352,-16.018,-13.181,-10.453,17.935,15.686,11.821,-24.585,-21.633,-17.706,17.583,15.479,12.153
-20.664,-17.071,-13.52,23.256,18.809,16.257,-15.712,-12.122,-10.069,19.598,15.641,13.201,-16.86,-13.364,-10.851,22.347,17.83,15.237,-19.06,-15.942,-13.224,26.313,18.93,15.767,-17.933,-14.869,-11.445,22.269,16.981,13.824,-20.048,-16.426,-12.995,20.193,17.886,14.436,-17.477,-12.976,-10.509,20.235,16.073,13.264,-13.901,-11.105,-9.1757,17.031,14.273,12.64,-29.045,-23.713,-20.338,22.295,17.96,15.171
-19.28,-14.975,-11.347,22.628,19.389,16.506,-13.032,-11.067,-9.0932,20.453,16.38,13.804,-17.539,-14.479,-11.701,20.366,16.858,14.385,-20.914,-17.777,-13.845,24.941,20.368,16.45,-15.84,-11.975,-10.264,16.721,14.52,12.307,-14.181,-11.463,-9.6454,18.788,15.343,13.537,-13.968,-10.836,-8.1187,18.703,14.347,12.775,-16.227,-14.386,-11.389,17.928,14.214,12.179,-29.631,-24.124,-19.96,27.127,21.397,17.131
-20.226,-15.729,-11.694,21.55,19.59,16.112,-13.08,-10.738,-8.377,19.29,15.599,12.829,-18.138,-14.01,-10.77,20.211,17.502,14.101,-17.243,-13.828,-11.536,20.841,18.091,14.354,-13.9,-12.377,-9.2843,17.67,15.166,13.151,-14.758,-12.056,-9.4723,20.163,16.63,14.231,-14.307,-11.846,-9.6243,19.962,14.688,11.743,-17.636,-13.667,-10.748,15.836,12.4,10.798,-29.681,-25.085,-20.213,28.159,21.097,16.173
-18.292,-15.546,-12.16,22.497,17.862,15.54,-14.235,-10.31,-7.9833,18.274,14.761,12.795,-17.931,-14.674,-10.531,21.064,17.102,14.22,-18.285,-13.765,-11.182,22.548,19.815,16.098,-12.786,-9.3428,-7.5702,17.457,14.639,12.235,-14.278,-12.087,-9.2874,17.678,15.15,13.159,-11.077,-9.9481,-8.3045,17.013,14.214,11.584,-15.227,-12.075,-10.208,15.18,12.599,10.544,-32.449,-26.74,-21.858,27.709,21.774,17.75
-18.254,-14.355,-11.158,23.435,18.189,15.463,-14.741,-10.895,-8.6786,18.545,15.835,12.771,-19.403,-14.728,-11.804,21.684,17.066,14.592,-20.446,-16.673,-12.889,25.225,19.199,15.243,-12.055,-9.0803,-7.3035,16.61,13.364,11.814,-14.517,-11.512,-9.0646,18.962,15.279,12.615,-13.821,-9.9249,-7.3816,16.663,13.37,11.181,-16.409,-12.225,-9.8885,16.086,13.446,11.426,-31.577,-26.008,-22.851,27.674,21.304,17.663
-24.619,-17.597,-14.146,25.777,22.226,18.525,-18.672,-15.302,-12.354,21.613,16.44,13.629,-21.278,-18.493,-14.523,22.463,19.156,16.139,-21.704,-16.188,-13.992,23.292,18.569,16.245,-18.289,-14.593,-11.769,20.828,17.916,14.685,-17.178,-14.556,-11.772,20.866,18.297,15.236,-18.222,-14.947,-11.753,19.727,15.888,13.719,-34.005,-26.928,-22.033,33.111,27.716,21.188,-33.553,-28.302,-22.358,24.924,20.999,17.748
-19.208,-15.822,-12.299,20.314,17.236,14.269,-19.16,-14.086,-11.932,18.448,15.558,12.984,-19.18,-15.017,-12.772,20.652,16.443,13.477,-17.263,-14.259,-12.204,20.583,16.615,13.812,-15.259,-11.987,-10.227,17.641,15.418,13.389,-18.55,-14.59,-11.694,19.709,16.125,13.732,-15.273,-13.326,-11.208,18.976,15.839,13.399,-31.2,-23.618,-19.863,30.954,26.514,22.069,-36.028,-29.657,-24.407,31.043,25.833,20.815
-18.627,-16.017,-13.059,19.206,17.204,15.076,-15.259,-13.092,-10.971,18.633,16.316,13.927,-19.729,-15.678,-12.143,19.294,16.235,14.023,-18.194,-13.48,-11.315,20.689,16.168,14.121,-17.108,-14.048,-9.7398,17.833,15.643,12.304,-16.118,-14.08,-11.277,17.541,14.809,12.646,-14.994,-11.766,-10.066,16.637,14.145,12.433,-28.817,-24.003,-20.169,30.077,25.901,20.634,-33.363,-26.795,-22.106,31.941,28.397,22.208
-17.282,-14.733,-11.474,21.295,17.888,14.16,-18.327,-14.783,-12.093,19.364,16.377,13.726,-20.473,-16.485,-13.317,21.45,19.038,15.693,-20.746,-16.991,-13.294,21.961,18.062,15.549,-16.456,-12.422,-10.076,18.198,15.124,12.419,-17.508,-16.027,-12.394,22.767,17.401,15.608,-14.373,-11.294,-9.338,17.362,15.646,12.742,-24.766,-20.33,-15.826,26.586,20.656,16.331,-33.995,-29.236,-24.844,33.806,26.294,21.692
-19.155,-15.591,-12.35,20.812,16.191,14.173,-15.95,-13.546,-10.59,18.386,15.351,13.467,-21.6,-18.06,-13.455,23.513,18.401,15.313,-18.905,-16.399,-12.483,23.014,18.08,14.82,-15.667,-11.846,-9.9433,18.483,16.06,12.426,-19.107,-14.887,-12.671,21.146,18.184,15.795,-16.974,-13.429,-11.161,17.834,14.547,12.674,-26.223,-22.448,-16.962,24.613,20.198,16.914,-31.39,-25.852,-21.286,35.51,29.006,23.097
-19.025,-14.579,-12.649,20.791,16.207,13.814,-16.127,-13.79,-11.531,19.313,15.966,12.621,-28.892,-22.041,-17.274,28.259,25.533,20.811,-23.622,-20.307,-17.109,22.126,18.591,15.717,-14.118,-11.762,-9.8812,17.898,14.809,12.39,-19.442,-15.82,-12.599,22.436,17.712,15.109,-17.01,-12.844,-10.479,17.65,15.202,13.689,-26.567,-20.569,-16.002,24.445,19.889,17.241,-32.323,-26.369,-21.593,31.941,24.587,20.757
-17.32,-14.104,-11.026,19.279,16.621,13.758,-13.953,-11.858,-10.361,17.338,15.203,12.781,-24.967,-21.861,-17.834,29.505,23.441,19.217,-22.565,-19.27,-15.22,21.593,18.542,15.396,-16.488,-12.594,-9.9419,17.097,13.848,11.869,-18.183,-14.237,-12.261,20.428,16.863,14.195,-17.459,-13.758,-11.45,17.063,14.387,11.787,-29.669,-22.611,-18.268,25.347,20.96,16.412,-30.051,-25.435,-21.578,27.332,24.487,19.341
-17.276,-14.027,-10.768,18.265,15.366,12.822,-13.95,-11.976,-10.101,15.698,13.16,10.981,-25.451,-19.158,-14.907,22.873,19.297,17.276,-22.264,-18.014,-14.85,21.613,19.141,15.943,-14.316,-11.936,-8.9823,17.751,14.802,11.088,-18.271,-15.251,-11.779,19.47,16.088,13.893,-14.961,-11.916,-9.6979,17.1,13.784,11.673,-26.598,-20.955,-17.694,22.55,18.536,16.065,-31.076,-24.666,-20.059,30.1,26.038,19.616
-18.735,-14.598,-11.727,18.639,16.065,13.515,-13.683,-11.422,-9.2066,17.286,14.87,11.964,-21.281,-18.005,-14.946,25.646,21.306,17.807,-21.215,-16.708,-14.148,24.203,19.356,17.577,-13.546,-11.044,-8.818,16.533,14.124,11.402,-17.496,-13.816,-11.665,20.541,16.746,13.691,-16.112,-12.92,-10.367,16.808,14.137,11.643,-22.679,-19.228,-16.023,22.559,17.337,13.558,-26.72,-22.421,-19.14,24.814,20.856,17.658
-17.781,-14.363,-11.63,17.168,14.325,12.195,-14.135,-11.461,-8.8965,15.867,13.182,11.197,-20.937,-16.63,-13.877,25.213,20.417,16.662,-21.94,-17.062,-13.656,22.205,18.494,15.273,-13.81,-11.014,-9.4113,15.929,13.518,10.695,-17.386,-15.185,-11.627,18.484,15.66,12.553,-14.538,-11.125,-8.527,16.795,14.3,11.94,-24.357,-19.787,-16.148,20.408,15.899,12.754,-27.427,-22.092,-18.96,25.415,20.377,16.428
-16.203,-13.324,-10.606,19.221,16.169,13.168,-14.043,-10.65,-9.1521,14.565,12.116,9.9863,-22.694,-18.82,-14.982,23.335,19.248,15.387,-19.698,-15.963,-13.3,21.381,15.935,13.984,-13.708,-11.858,-8.7938,14.818,12.621,10.474,-16.357,-11.818,-9.9371,18.234,15.493,12.22,-14.946,-11.534,-9.4455,15.84,12.923,11.106,-23.262,-19.308,-15.662,23.558,17.411,14.24,-28.175,-22.241,-18.753,23.94,20.212,16.59
-17.177,-14.062,-11.351,16.848,14.929,11.96,-15.342,-12.156,-10.321,17.783,13.708,11.156,-22.209,-17.365,-14.195,23.874,19.755,15.856,-17.529,-15.469,-13.126,21.73,17.455,13.955,-15.236,-12.514,-10.489,17.162,13.086,10.99,-19.699,-15.113,-12.628,20.249,16.868,13.76,-14.926,-13.003,-11.415,18.061,14.667,12.252,-21.936,-18.587,-15.058,20.034,16.723,13.504,-24.944,-21.01,-17.827,25.153,21.769,18.143
-16.348,-12.794,-10.948,16.609,13.8,11.782,-16.382,-11.388,-9.5693,16.232,12.73,10.275,-19.857,-16.005,-13.433,20.588,16.641,14.59,-18.487,-16.012,-12.987,17.989,15.231,13.006,-15.049,-12.02,-9.7193,14.736,12.453,10.346,-17.709,-14.627,-12.202,18.181,15.206,12.099,-15.677,-12.178,-10.227,17.106,14.677,11.576,-20.138,-18.002,-13.831,20.394,16.401,13.665,-26.008,-20.755,-17.071,25.672,22.089,17.608
-15.38,-12.302,-9.4429,16.069,12.767,11.149,-11.49,-10.443,-8.744,13.692,11.633,9.2751,-17.621,-14.699,-11.436,21.185,17.287,14.033,-17.077,-13.971,-11.884,18.679,15.8,13.37,-12.749,-10.427,-8.4657,15.199,12.46,10.307,-15.428,-11.959,-10.536,15.315,13.853,11.578,-12.459,-11.274,-9.1709,14.456,12.615,10.503,-19.567,-15.636,-12.407,19.925,15.742,13.416,-26.907,-21.985,-17.173,24.932,21.788,17.736
-15.059,-13.243,-10.773,18.603,14.323,12.032,-10.754,-9.3445,-7.3217,13.881,11.361,9.3925,-21.392,-17.034,-12.089,20.926,18.544,16.058,-19.757,-14.605,-12.273,21.413,18.272,15.241,-12.825,-10.734,-8.2784,14.893,12.886,10.436,-15.62,-13.902,-11.206,19.569,15.399,12.628,-13.489,-11.091,-9.1098,15.15,13.156,11.186,-23.291,-17.497,-13.847,21.602,16.346,13.815,-25.165,-21.266,-18.253,24.27,19.447,15.623
-16.171,-11.609,-9.1328,16.005,14.263,12.151,-11.632,-9.7568,-8.3476,14.197,11.596,10.148,-19.718,-15.305,-12.113,19.573,16.261,13.915,-19.728,-15.656,-12.234,19.696,15.586,12.828,-13.504,-11.632,-9.4077,13.835,12.278,10.192,-16.229,-12.573,-10.226,17.093,13.679,11.013,-14.04,-11.777,-9.6744,13.81,12.535,10.4,-27.25,-21.888,-17.912,24.39,20.136,17.215,-23.328,-19.284,-15.948,25.074,19.547,15.597
-15.02,-12.459,-9.9289,16.558,14.067,12.084,-13.65,-11.682,-9.6674,14.84,12.239,10.183,-20.542,-17.102,-13.613,21.165,17.162,14.949,-21.598,-18.521,-14.692,21.429,17.304,14.275,-12.523,-10.78,-8.645,14.995,13.484,10.565,-15.507,-13.101,-10.87,15.368,13.397,11.164,-13.809,-11.415,-9.4975,15.825,12.762,11.073,-27.838,-20.654,-17.678,28.038,21.895,17.888,-21.437,-17.233,-13.976,20.501,16.955,14.448
-15.212,-11.596,-9.6049,15.551,13.219,11.506,-13.798,-10.511,-8.9605,17.334,13.676,10.604,-18.214,-15.666,-12.832,21.189,16.832,14.681,-20.981,-16.124,-13.741,21.165,17.48,14.002,-12.426,-10.064,-8.1923,14.539,11.48,9.988,-14.592,-12.645,-10.323,15.443,12.77,10.323,-14.643,-11.928,-10.053,16.686,13.298,11.231,-25.048,-21.78,-18.636,25.603,20.57,16.848,-20.427,-16.327,-13.052,21.803,17.415,13.571
-14.266,-12.697,-10.208,15.863,12.677,10.706,-12.067,-9.7316,-7.671,14.359,11.387,9.7378,-18.034,-14.613,-11.86,20.016,17.137,14.056,-19.673,-15.762,-12.776,19.355,16.672,13.421,-12.232,-9.6625,-7.7143,13.37,11.24,9.3622,-13.877,-11.146,-8.7696,14.836,11.911,10.031,-14.425,-11.965,-9.2219,14.67,11.648,9.8402,-26.815,-21.471,-18.329,25.313,20.399,16.757,-21.882,-18.407,-15.042,23.286,18.243,14.281
-16.771,-12.79,-10.446,15.978,13.735,11.788,-13.078,-10.629,-9.0405,15.864,11.781,9.0813,-18.887,-15.884,-12.674,18.206,16.079,13.208,-20.317,-16.985,-14.149,18.301,15.031,12.225,-12.387,-10.306,-8.5921,13.207,10.548,8.874,-14.381,-12.189,-9.718,13.56,11.611,10.206,-12.78,-10.404,-8.4977,14.518,12.137,10.604,-24.398,-19.444,-16.133,23.236,19.629,16.515,-20.998,-18.072,-13.957,19.309,17.165,13.715
-14.556,-11.427,-9.2106,15.294,12.269,10.378,-12.891,-10.995,-8.6433,12.784,10.781,8.8045,-18.912,-15.175,-12.643,19.88,16.386,12.558,-17.381,-14.374,-11.367,19.152,15.8,13.05,-11.331,-9.8026,-8.1042,14.362,11.559,9.0088,-15.592,-12.367,-9.3364,14.634,11.943,9.237,-13.299,-11.008,-9.1656,13.824,11.044,8.7532,-30.087,-22.896,-18.513,30.103,24.275,20.058,-22.963,-20.031,-16.07,24.723,19.995,15.99
-15.304,-13.098,-9.1636,14.467,12.122,10.22,-11.996,-9.917,-8.6289,11.865,9.3144,7.36,-16.674,-14.529,-12.16,17.903,15.373,12.814,-18.975,-15.498,-12.982,18.334,15.15,12.549,-13.371,-11.64,-9.3228,13.68,11.121,8.8247,-12.386,-10.315,-8.4891,13.556,10.59,8.0092,-13.335,-10.965,-8.2942,12.858,11.23,9.1976,-37.049,-32.485,-26.088,39.658,28.232,24.287,-22.319,-17.851,-14.499,25.275,20.927,16.681
-13.097,-10.991,-9.0968,14.937,12.112,10.459,-11.679,-9.8008,-7.8944,10.16,8.087,6.7896,-17.731,-13.576,-11.471,15.476,12.468,10.047,-16.763,-13.067,-10.985,18.317,15.775,11.71,-11.758,-9.951,-8.6353,14.398,10.892,9.0809,-12.851,-10.231,-7.8787,11.699,8.9946,6.9683,-12.979,-9.8459,-8.5794,12.266,10.213,8.0439,-40.767,-31.725,-27.525,37.35,29.492,22.871,-21.189,-18.31,-15.385,23.49,18.546,14.323
-15.013,-10.41,-8.6109,14.305,11.383,9.1999,-9.5966,-8.1886,-7.0873,8.8072,7.6217,6.4099,-18.355,-15.379,-12.717,18.336,14.846,11.501,-18.904,-13.851,-10.724,16.983,13.366,10.761,-12.54,-10.57,-8.2954,13.888,11.066,8.916,-13.319,-10.551,-8.8315,10.759,8.7211,7.3192,-13.524,-10.441,-8.3073,11.639,9.7418,7.8203,-31.418,-25.5,-21.629,29.369,24.681,20.284,-23.874,-18.006,-13.642,22.572,18.851,15.889
-13.997,-11.266,-9.073,13.666,11.35,8.7633,-10.167,-8.5834,-6.8901,9.3634,7.6233,6.0818,-14.813,-12.886,-10.212,15.258,12.558,9.8334,-17.607,-13.101,-10.185,15.974,12.462,10.461,-13.426,-10.376,-8.4576,12.474,9.8256,7.6532,-13.517,-10.13,-8.2163,12.68,10.026,7.6741,-12.749,-9.2653,-7.5861,10.346,8.6774,7.0498,-29.563,-24.454,-20.087,28.221,24.048,19.546,-23.205,-19.161,-16.331,22.939,19.339,15.565
-11.639,-9.4606,-7.5999,13.186,11.301,9.4328,-9.9886,-8.217,-6.4507,10.081,8.2531,6.3464,-16.303,-12.361,-10.377,14.089,12.127,9.4904,-13.708,-11.011,-9.6586,14.107,11.226,9.2963,-11.902,-9.853,-7.9263,10.211,8.7005,7.2386,-11.309,-9.1721,-7.2642,11.582,9.6689,8.0613,-11.044,-9.4595,-7.0641,10.401,8.414,7.3514,-28.445,-22.804,-18.885,25.517,20.261,17.576,-21.8,-18.117,-15.062,21.117,17.197,13.824
-14.355,-10.918,-8.6355,13.81,11.663,9.873,-11.455,-9.4358,-8.0309,10.447,8.5422,6.7807,-14.232,-12.702,-10.405,15.501,12.61,9.8561,-18.108,-13.095,-10.992,16.957,13.639,11.26,-11.768,-9.746,-8.1509,10.491,8.7657,7.4339,-11.289,-9.462,-7.9902,11.93,9.8512,7.5846,-10.107,-8.2167,-7.1484,9.8234,8.8077,6.9788,-26.291,-22.429,-17.975,23.3,18.738,15.717,-22.815,-19.58,-16.181,22.357,18.905,15.559
-14.749,-11.943,-9.2334,15.084,11.819,8.9764,-10.629,-9.0733,-8.0291,10.069,7.5712,6.5838,-12.978,-10.638,-8.8142,14.097,11.822,9.3927,-16.137,-13.188,-10.132,14.965,12.363,10.103,-10.232,-8.9901,-7.6829,11.371,9.5938,7.4842,-10.914,-9.4815,-7.9112,10.083,8.8085,7.0798,-9.6042,-8.2685,-7.0532,9.981,8.1268,6.5768,-24.932,-19.47,-15.691,23.997,17.829,14.656,-23.777,-19.504,-17.018,23.143,19.321,16.056
-13.999,-11.613,-9.5531,15.149,13.156,10.209,-10.827,-9.1926,-7.5739,10.364,9.0017,7.4577,-13.171,-10.603,-8.5667,14.929,11.368,9.4349,-14.31,-11.433,-9.4723,13.647,11.106,9.3921,-10.777,-9.3277,-7.5931,11.551,9.212,7.5838,-13.233,-11.168,-9.7773,14.331,11.722,9.6304,-13.498,-10.93,-8.537,12.061,9.717,8.115,-25.005,-20.201,-16.209,21.033,18.383,13.785,-21.818,-18.031,-15.047,22.384,19.242,15.945
-14.272,-13.122,-10.936,15.507,13.313,11.009,-14.417,-11.867,-10.118,12.961,10.539,8.6684,-18.771,-15.682,-12.675,19.925,17.174,13.889,-21.505,-18.197,-14.406,18.43,14.172,12.287,-14.186,-11.08,-9.1195,11.183,9.2283,7.654,-13.588,-11.713,-9.5989,12.786,10.546,8.5654,-13.692,-10.902,-8.9471,12.372,10.646,7.5118,-26.441,-21.247,-17.24,24.82,21.998,17.811,-20.881,-17.41,-14.598,22.758,18.5,15.581
-18.28,-15.989,-13.104,17.679,14.798,12.45,-17.042,-14.75,-12.227,17.274,13.764,10.904,-21.411,-16.624,-13.208,20.471,17.246,13.832,-26.083,-22.501,-19.066,25.859,21.464,17.585,-17.884,-14.572,-11.94,15.484,12.864,10.326,-20.282,-17.035,-13.954,18.088,14.11,11.611,-17.553,-15.564,-12.954,14.73,13.126,10.497,-30.006,-25.165,-20.868,29.158,24.518,19.389,-21.177,-17.55,-14.378,24.092,20.12,15.744
-20.628,-17.519,-15,20.549,17.167,13.659,-26.444,-20.88,-17.76,22.175,19.181,14.441,-26.035,-21.923,-18.806,23.662,19.63,16.304,-28.836,-24.356,-21.049,29.382,23.417,18.847,-18.857,-15.365,-13.043,18.917,15.755,13.256,-21.185,-18.265,-15.688,23.211,18.338,14.433,-22.935,-17.446,-14.699,19.481,15.855,13.459,-40.536,-33.238,-28.262,39.034,29.695,24.881,-30.175,-24.924,-20.853,33.707,27.058,22.604
-23.942,-19.444,-15.355,20.097,17.08,13.35,-28.667,-22.801,-18.867,24.121,20.077,16.588,-27.215,-22.058,-18.578,24.989,21.303,17.474,-28.911,-24.202,-20.795,30.804,23.859,19.523,-18.569,-15.46,-12.697,16.116,12.863,10.065,-21.302,-17.363,-14.687,20.032,16.082,13.221,-20.448,-17.848,-15.364,18.533,15.442,12.397,-40.371,-35.496,-28.14,39.57,32.629,25.4,-29.218,-24.293,-18.84,31.241,26.465,21.426
-20.154,-17.303,-14.605,19.049,14.623,12.586,-32.507,-27.157,-23.457,37.504,28.526,22.697,-31.97,-25.722,-21.184,32.777,22.525,19.674,-32.201,-28.283,-22.573,29.923,24.091,18.092,-21.407,-17.914,-14.929,19.09,16.073,12.699,-28.187,-23.144,-19.801,29.551,23.388,18.512,-24.266,-20.085,-16.537,20.098,16.949,14.135,-41.811,-35.205,-29.287,38.013,29.965,24.892,-27.294,-23.506,-19.361,28.264,22.975,19.289
-20.756,-17.853,-14.578,20.411,17.28,13.158,-35.257,-27.542,-22.682,38.284,29.871,24.028,-28.953,-23.849,-18.942,24.999,20.652,17.154,-34.506,-28.946,-22.109,33.138,27.014,21.392,-22.373,-19.559,-17.12,22.909,17.479,14.212,-29.109,-23.605,-19.787,30.651,24.383,18.965,-24.756,-20.518,-16.284,21.584,17.934,14.074,-37.246,-32.426,-27.55,41.343,35.072,28.746,-28.399,-21.524,-17.164,26.44,21.607,18.197
-29.202,-22.378,-17.655,27.707,22.219,18.454,-34.723,-30.163,-24.243,38.635,28.744,23.352,-35.684,-27.72,-22.217,30.261,25.027,21.007,-34.587,-28.74,-22.828,34.061,27.407,22.67,-27.103,-21.648,-18.001,25.335,19.679,16.492,-36.326,-30.4,-24.88,38.528,29.882,23.127,-27.919,-24.143,-18.704,29.163,22.785,17.609,-40.489,-33.821,-28.402,41.042,31.678,27.228,-26.262,-19.984,-15.337,28.694,23.149,19.005
-22.7,-20.167,-16.569,25.843,20.643,17.772,-36.77,-28.949,-22.32,30.816,25.53,21.196,-29.878,-25.685,-19.54,29.517,22.949,18.683,-29.467,-24.684,-19.178,31.425,26.596,22.96,-25.332,-21.01,-17.755,22.309,18.57,16.072,-31.697,-24.14,-20.079,30.28,24.495,20.791,-24.543,-20.164,-16.743,21.306,18.226,14.602,-39.252,-29.534,-24.704,40.159,32.728,27.951,-23.225,-20.427,-16.635,25.554,22.227,18.237
-21.724,-17.929,-15.174,21.544,18.681,15.924,-31.136,-24.62,-20.408,29.265,21.023,17.79,-25.261,-21.715,-18.868,26.011,22.639,17.946,-28.955,-22.351,-19.473,30.565,25.647,20.206,-23.576,-17.881,-15.712,23.989,18.544,14.667,-31.302,-25.721,-22.415,28.419,22.332,18.734,-22.199,-17.774,-14.806,21.216,18.153,14.599,-35.442,-29.708,-24.531,35.051,26.367,22.16,-24.303,-20.932,-17.166,25.024,19.263,15.928
-27.889,-23.042,-18.925,27.431,22.719,18.562,-29.721,-22.16,-17.99,32.331,22.292,16.628,-30.378,-23.993,-19.571,27.4,22.166,18.523,-33.261,-26.961,-20.824,31.448,26.532,21.401,-25.146,-21.227,-17.664,24.951,19.276,15.697,-34.955,-28.301,-22.91,32.731,25.227,20.203,-27.506,-23.564,-18.703,22.79,19.091,15.715,-34.679,-29.408,-25.033,31.444,25.505,22.252,-23.403,-18.526,-15.112,23.64,20.351,15.673
-24.776,-21.224,-18.095,23.359,20.285,16.231,-27.837,-21.396,-17.301,25.848,18.068,14.994,-30.716,-25.468,-21.675,27.544,21.519,17.113,-27.8,-23.299,-19.085,26.985,23.12,17.208,-25.374,-20.699,-17.027,23.528,17.745,14.808,-30.134,-23.705,-18.321,27.878,23.127,18.185,-24.869,-21.14,-16.955,20.781,16.781,13.408,-33.497,-26.27,-22.311,31.023,25.716,21.023,-23.179,-17.703,-14.731,24.395,19.005,14.824
-24.023,-21.166,-16.664,24.175,20.595,16.037,-22.936,-20.336,-16.447,24.634,16.756,13.908,-26.77,-23.491,-18.613,26.458,21.092,16.46,-30.574,-24.498,-19.812,22.863,19.21,15.448,-23.859,-18.919,-15.951,23.389,17.368,13.672,-30.094,-22.865,-19.598,23.082,20.141,15.864,-24.235,-18.119,-14.842,21.142,16.258,12.952,-31.224,-26.877,-22.96,29.421,23.232,18.504,-26.872,-21.609,-16.997,26.024,22.508,18.73
-28.796,-22.34,-16.234,23.292,18.055,14.99,-22.842,-18.301,-14.422,21.022,15.987,13.592,-21.528,-19.296,-16.55,26.205,17.719,14.035,-24.054,-20.113,-16.757,23.573,20.128,16.804,-23.377,-20.502,-17.083,21.02,16.531,13.759,-27.407,-22.803,-18.859,23.888,19.602,16.365,-22.731,-19.367,-16.081,23.257,19.376,15.602,-31.106,-24.903,-21.694,29.951,24.638,19.191,-25.488,-21.638,-17.223,23.561,18.211,14.529
-27.545,-22.628,-17.795,21.971,18.846,15.17,-29.035,-22.763,-18.707,21.187,18.014,15.07,-24.056,-19.704,-16.65,19.444,15.769,13.509,-22.635,-19.663,-16.132,24,19.8,14.981,-28.994,-24.145,-20.16,25.079,19.821,15.91,-28.541,-21.446,-17.396,26.8,23.52,18.927,-27.309,-22.52,-17.805,23.288,19.541,15.306,-28.717,-23.094,-19.644,27.552,23.257,19.421,-24.752,-20.221,-17.503,20.961,18.478,15.586
-27.774,-20.47,-16.792,18.959,16.233,12.699,-24.614,-21.424,-18.311,21.663,18.057,13.655,-23.722,-19.881,-15.545,20.376,15.657,12.595,-24.797,-19.061,-16.288,23.702,18.905,16.357,-25.608,-22.937,-19.044,20.786,16.987,13.986,-26.383,-21.03,-17.113,20.944,17.491,14.76,-24.842,-20.338,-18.351,21.248,17.337,12.283,-30.774,-25.664,-20.292,28.225,21.355,17.774,-24.196,-20.27,-16.867,22.724,18.487,15.646
-23.785,-20.427,-16.514,19.108,15.698,12.155,-29.432,-23.084,-18.734,21.959,17.944,15.042,-23.214,-19.257,-16.82,22.511,16.65,11.985,-25.71,-19.737,-15.707,21.749,15.977,12.793,-26.744,-21.674,-17.963,21.78,18.275,14.812,-28.952,-22.158,-17.317,23.955,14.932,11.975,-23.376,-19.326,-16.009,22.087,16.85,13.633,-31.985,-25.511,-21.723,28.966,24.249,19.949,-36.01,-29.136,-24.352,29.22,25.164,21.869
-29.13,-22.565,-17.681,20.854,17.985,13.656,-23.739,-19.812,-16.434,21.283,17.211,14.082,-34.473,-27.774,-23.015,28.45,24.58,18.768,-26.934,-21.665,-17.935,29.421,22.292,17.169,-25.551,-21.253,-16.867,21.197,16.888,13.391,-23.886,-21.276,-17.525,25.438,19.207,14.062,-24.227,-20.032,-16.79,19.984,16.754,12.789,-34.348,-29.528,-24.266,31.37,26.73,20.905,-35.445,-30.014,-25.125,35.679,28.243,22.813
-31.246,-26.443,-21.123,29.116,23.551,19.087,-28.616,-23.965,-19.677,29.195,21.534,17.802,-29.466,-24.925,-20.993,28.679,24.147,19.63,-26.292,-23.102,-20.267,25.94,21.594,17.421,-27.601,-23.911,-20.277,26.401,19.643,15.927,-30.109,-23.568,-20.55,26.456,20.728,17.374,-31.977,-26.54,-21.753,31.834,24.438,19.985,-34.454,-27.728,-24.037,37.231,29.927,22.623,-34.763,-29.019,-24.841,32.524,26.356,20.875
-30.495,-24.991,-19.011,28.823,22.808,17.625,-31.188,-24.097,-18.787,27.852,22.924,17.982,-28.313,-23.385,-19.572,27.12,22.42,18.171,-24.09,-20.542,-17.782,25.43,19.263,15.953,-29.367,-23.552,-18.622,27.927,20.703,16.646,-29.952,-23.276,-19.337,27.079,22.21,18.607,-30.058,-25.746,-21.323,29.644,22.269,18.165,-32.46,-25.7,-21.017,29.164,25.152,20.737,-33.969,-26.263,-20.946,29.61,23.254,19.199
-28.369,-21.499,-17.74,23.217,20.942,16.943,-28.927,-22.021,-17.993,27.283,20.337,16.124,-27.166,-23.371,-19.684,28.749,23.254,18.082,-25.947,-21.774,-18.402,26.44,21.173,16.638,-28.684,-22.608,-17.13,25.63,20.031,15.481,-30.625,-22.868,-18.362,23.664,19.967,15.991,-27.335,-22.648,-19.355,25.591,20.921,16.655,-29.272,-24.109,-20.256,29.43,22.684,19.352,-42.978,-37.387,-27.987,38.844,33.194,26.505
-28.939,-21.8,-19.031,23.614,20.529,15.737,-32.021,-25.626,-22.359,24.352,19.815,15.793,-29.244,-23.359,-18.812,28.299,22.09,16.978,-25.225,-20.502,-17.955,22.395,18.615,15.993,-24.889,-20.225,-17.374,22.414,19.545,15.454,-29.971,-25.126,-19.604,26.068,22.162,17.747,-32.677,-26.032,-22.011,25.507,21.336,17.891,-36.873,-30.738,-24.212,31.522,26.314,21.745,-37.634,-29.97,-25.109,36.821,31.741,24.435
-32.213,-24.566,-19.905,22.608,18.938,15.64,-30.809,-24.989,-18.883,29.349,21.737,18.026,-26.246,-21.133,-18.241,24.471,19.639,15.503,-27.636,-21.887,-17.989,25.132,20.211,15.94,-27.773,-23.287,-18.977,28.443,23.76,16.498,-33.358,-27.59,-21.916,27.063,22.524,18.375,-30.268,-25.961,-21.573,26.92,20.75,16.071,-31.114,-26.977,-22.266,33.458,26.883,21.761,-36.86,-30.141,-23.807,34.445,27.667,22.34
-25.72,-19.198,-16.468,25.734,19.558,15.305,-27.739,-24.496,-21.385,25.252,21.432,16.54,-28.014,-22.952,-19.379,26.83,21.801,16.848,-21.313,-18.808,-15.779,22.283,19.716,15.03,-28.548,-23.817,-19.415,27.243,21.276,17.406,-28.779,-23.605,-19.247,24.59,21.569,16.849,-33.316,-26.555,-21.526,28.315,22.853,17.566,-33.725,-28.11,-21.842,32.423,26.477,22.424,-33.681,-26.403,-21.817,30.942,25.601,21.199
-24.033,-19.749,-16.74,22.914,18.342,15.082,-28.441,-22.467,-18.026,24.47,20.311,15.914,-27.171,-20.235,-17.194,25.392,19.969,15.231,-22.172,-19.414,-15.212,24.429,18.116,14.37,-27.109,-22.69,-18.79,24.665,18.657,14.261,-28.418,-21.705,-18.084,24.574,18.703,14.522,-29.658,-23.91,-19.256,24.043,18.888,14.42,-33.695,-27.603,-23.07,32.704,26.184,23.408,-26.739,-22.763,-19.916,30.66,24.628,20.739
-25.943,-19.97,-17.171,23.107,18.81,15.774,-27.003,-21.439,-17.38,27.122,19.163,14.368,-24.642,-19.333,-15.951,21.138,17.724,14.354,-20.488,-15.607,-13.817,18.021,15.205,12.787,-26.103,-21.326,-17.827,22.325,18.173,13.941,-27.151,-23.012,-17.9,26.556,19.164,15.824,-24.733,-20.335,-16.455,24.335,18.477,14.535,-29.86,-25.219,-21.928,29.753,22.958,19.445,-34.327,-29.514,-23.47,28.232,22.905,19.296
-22.924,-18.88,-15.328,22.803,18.285,14.587,-25.856,-21.963,-17.123,24.627,19.205,15.739,-23.62,-18.503,-16.812,22.77,19.93,15.197,-24.044,-18.598,-16.234,24.259,20.027,16.748,-26.467,-21.462,-17.826,19.74,17.327,14.595,-26.833,-23.015,-17.981,27.885,20.646,17.144,-27.6,-21.815,-18.276,24.511,19.101,15.582,-36.788,-29.262,-24.678,32.723,26.384,21.121,-32.675,-26.166,-21.616,31.915,26.289,21.55
-24.237,-19.227,-15.355,22.293,18.454,14.469,-24.89,-20.336,-17.644,24.248,19.871,15.998,-27.346,-22.073,-18.562,23.167,19.139,14.962,-29.235,-23.223,-17.074,22.931,19.358,15.777,-25.457,-20.681,-17.246,22.081,17.548,13.503,-25.408,-22.479,-19.56,24.301,19.761,16.509,-22.31,-19.369,-15.782,24.029,19.176,15.637,-38.11,-31.411,-24.721,34.731,29.137,24.416,-35.646,-29.761,-22.772,32.913,29.084,20.857
-22.339,-17.517,-14.515,20.263,14.332,12.254,-24.803,-20.236,-16.226,22.841,18.49,14.903,-26.457,-20.892,-16.698,24.713,20.538,16.694,-22.014,-18.166,-15.457,24.805,20.471,15.237,-24.072,-20.749,-16.423,23.308,16.834,14.266,-24.509,-21.656,-17.748,25.285,19.876,16.753,-21.376,-18.667,-15.654,22.055,17.942,14.542,-40.474,-32.275,-27.266,41.708,33.408,26.064,-34.781,-29.287,-25.279,30.432,23.871,19.879
-23.18,-19.82,-16.036,19.97,17.48,13.153,-25.878,-20.305,-16.772,21.465,17.935,14.665,-23.32,-18.647,-15.292,20.078,16.454,13.328,-21.526,-19.114,-15.552,23.617,20.329,15.229,-22.219,-18.62,-15.215,18.339,16.138,12.984,-23.927,-18.439,-15.758,20.926,16.755,13.637,-23.328,-18.894,-15.541,20.878,17.753,13.265,-36.534,-31.064,-26.723,36.753,27.681,21.299,-38.102,-30.816,-25.379,33.02,28.515,22.684
-21.009,-17.706,-14.164,20.107,17.604,13.818,-24.833,-20.16,-15.965,21.049,17.511,13.617,-22.148,-19.143,-15.986,21.358,17.676,13.01,-24.746,-19.101,-15.669,23.545,19.407,16.088,-22.354,-19.085,-15.239,20.625,15.676,12.713,-22.374,-18.927,-16.133,19.836,16.66,13.906,-22.318,-19.494,-16.54,18.982,15.019,11.994,-33.634,-29.652,-24.078,32.148,25.507,19.954,-35.593,-28.307,-24.025,32.031,26.925,22.134
-20.309,-17.054,-14.013,17.482,14.485,11.565,-22.934,-19.02,-15.389,22.483,17.262,13.042,-24.569,-19.548,-15.834,20.981,17.861,13.962,-25.191,-19.165,-15.604,26.536,21.036,16.96,-22.301,-19.303,-16.253,17.362,14.35,11.61,-24.416,-20.269,-15.721,21.48,16.709,12.521,-21.745,-18.952,-15.415,17.88,14.764,11.829,-33.586,-27.063,-22.59,27.685,23.389,19.225,-36.986,-28.11,-24.171,29.739,24.705,20.519
-19.794,-16.751,-13.504,17.522,14.181,11.37,-22.845,-18.563,-14.556,21.336,16.888,12.919,-23.109,-19.209,-16.465,23.473,16,13.991,-24.006,-20.557,-16.187,22.06,18.63,15.174,-20.539,-18.109,-14.685,19.739,14.134,10.961,-24.008,-18.764,-15.52,20.525,16.729,13.557,-19.359,-15.881,-13.684,17.691,15.151,11.295,-32.634,-28.2,-24.661,32.444,26.281,20.184,-34.633,-28.1,-23.47,31.334,25.665,20.908
-23.445,-18.635,-14.605,17.712,14.577,12.332,-24.757,-19.654,-16.356,22.694,17.534,14.236,-25.406,-19.737,-16.118,24.574,19.567,16.271,-23.604,-20.808,-17.353,23.873,21.035,15.434,-21.867,-17.385,-14.883,20.972,17.256,14.363,-23.684,-20.424,-16.515,20.904,18.257,14.253,-24.918,-20.416,-16.981,21.333,17.059,15.077,-33.456,-28.753,-23.749,31.492,25.834,21.026,-31.699,-25.53,-22.013,30.366,24.926,18.597
-19.816,-17.37,-14.992,20.114,16.409,13.034,-23.531,-17.536,-14.346,19.232,16.523,13.739,-32.972,-25.49,-20.262,31.947,25.504,20.396,-26.985,-23.596,-18.182,27.557,24.227,19.472,-22.375,-17.555,-14.463,23.005,18.058,15.257,-22.737,-18.9,-15.636,21.194,17.817,14.217,-26.489,-22.955,-18.694,25.164,21.566,17.602,-33.516,-28.362,-21.592,34.027,27.585,22.167,-32.069,-24.737,-20.6,27.139,21.858,18.211
-21.717,-18.58,-15.374,21.016,16.618,13.442,-21.579,-17.951,-14.801,20.661,15.953,13.547,-35.291,-29.56,-25.43,38.214,28.031,23.657,-34.262,-26.963,-22.777,28.431,23.92,20.787,-25.077,-19.279,-16.164,22.598,18.445,14.984,-24.071,-18.981,-15.764,21.406,16.879,14.356,-29.649,-24.442,-20.681,27.966,22.82,19.028,-32.742,-26.787,-22.788,32.809,24.612,21.177,-26.606,-22.894,-19.03,29.387,21.623,17.283
-21.784,-16.879,-13.316,20.823,16.665,13.906,-23.672,-17.775,-14.937,22.32,18.317,14.488,-33.477,-30.446,-23.659,34.384,28.652,23.264,-32.646,-26.285,-22.118,33.235,25.902,22.23,-21.151,-16.493,-14.296,21.514,18.383,14.649,-22.067,-17.114,-14.157,22.185,18.3,14.337,-28.489,-22.725,-18.473,23.769,20.161,17.602,-31.654,-25.755,-21.371,34.405,27.95,23.295,-26.862,-20.258,-15.924,25.677,20.15,16.298
-19.138,-14.812,-12.142,18.2,15.429,13.831,-22.507,-17.085,-13.672,19.29,16.518,13.371,-32.19,-28.8,-21.782,30.495,27.065,21.414,-31.242,-25.469,-20.433,34.015,27.278,21.011,-18.253,-16.095,-12.491,18.582,15.169,12.444,-18.818,-15.833,-13.673,18.766,16.379,12.884,-24.336,-21.044,-17.825,23.509,20.585,15.947,-33.956,-28.297,-22.451,35.458,28.28,22.897,-28.043,-21.32,-17.013,26.518,21.175,17.181
